488,484,510,453,521,510,512,462,491,507,485,523,500,533,490,495,523,497,490,489,499,495,483,492,532,492,523,505,486,503,495,495,543,495,505,564,527,503,464,488,494,482,483,490,486,539,487,489,484,500,451,510,532,498,474,473,499,525,507,493,541,508,502,499,491,497,501,544,473,457,467,504,484,480,505,538,496,482,450,473,521,518,548,530,514,505,497,490,526,524,462,517,489,451,498,450,493,479,542,474,482,520,495,421,510,523,512,499,525,492,442,464,487,538,476,507,494,509,480,485,528,458,508,431,507,486,618,624,668,637,658,621,606,624,617,644,652,656,661,660,580,685,650,660,653,612,614,656,662,641,656,666,624,702,610,620,606,600,643,672,679,684,647,630,680,596,641,684,638,632,514,482,501,531,451,480,489,457,508,489,468,481,474,450,470,470,483,412,495,495,542,462,488,506,495,511,508,487,491,468,490,514,485,499,515,513,516,516,515,511,540,428,478,478,461,498,562,477,551,548,518,488,502,456,460,460,478,472,477,468,496,493,490,482,507,479,90
423,402,441,445,435,418,445,436,464,413,410,432,451,464,442,445,455,488,505,442,417,424,425,462,432,450,454,436,434,470,405,437,415,422,472,484,439,420,434,388,448,454,406,467,482,460,471,429,476,448,467,475,453,428,448,445,406,453,458,432,426,439,409,433,412,441,455,471,413,465,430,459,425,406,437,401,448,454,427,389,453,430,407,426,451,472,431,465,434,466,467,444,426,418,440,418,454,434,423,449,462,429,457,473,406,424,427,443,479,443,419,464,510,422,454,418,457,412,429,422,436,462,456,463,461,448,594,618,623,659,622,528,640,653,654,599,601,635,602,605,666,670,600,616,623,582,539,607,652,616,603,608,632,610,596,661,600,618,659,658,592,591,603,612,589,617,610,620,590,657,434,419,386,396,479,435,443,446,420,472,465,414,450,462,439,460,442,463,470,448,434,428,422,431,423,438,438,467,475,429,413,463,439,426,424,435,426,432,444,469,456,472,430,478,438,429,429,444,434,491,500,461,425,452,409,428,447,480,457,449,429,451,444,439,445,401,85
415,379,376,422,394,430,405,415,380,388,438,364,407,369,374,410,387,408,407,345,421,395,365,379,373,365,407,421,445,436,435,360,395,417,375,433,398,404,377,415,415,474,347,418,413,401,377,388,412,364,375,350,386,370,376,395,390,417,384,444,390,399,407,389,383,450,391,410,437,370,392,374,375,404,375,394,443,394,432,403,408,382,458,377,424,403,400,441,414,419,462,401,372,410,442,429,407,386,359,389,352,405,380,420,391,401,423,416,406,390,409,394,395,363,353,401,373,388,438,404,406,373,369,418,387,405,410,404,461,427,406,430,431,379,460,463,445,396,414,464,460,463,495,412,428,462,432,409,445,374,429,446,409,432,414,446,426,425,426,441,429,416,459,432,417,487,452,428,469,398,411,372,413,392,405,337,379,410,390,388,370,409,384,398,396,364,385,416,405,403,368,371,413,425,410,398,413,423,415,354,364,421,422,412,346,400,392,418,384,426,385,412,344,437,422,406,387,386,399,426,360,435,413,443,415,395,413,418,363,390,422,356,445,416,386,393,52
291,310,311,309,331,330,319,355,292,328,281,301,332,333,309,311,310,318,294,330,301,298,297,347,365,280,322,323,329,306,321,331,303,311,304,314,286,301,300,315,306,356,309,300,303,312,337,320,338,272,317,290,315,319,318,262,330,303,318,316,293,308,317,338,290,325,323,316,334,310,309,294,266,339,304,308,300,293,310,314,330,293,295,330,285,296,332,327,321,290,314,307,343,291,283,285,315,304,314,320,278,305,304,346,311,324,329,353,335,301,346,318,317,323,289,302,333,318,312,320,292,300,288,330,297,304,360,347,331,375,371,371,340,364,376,357,362,337,399,323,375,348,367,364,379,366,358,339,337,350,357,358,339,352,364,342,356,332,354,374,318,351,372,367,343,332,364,356,368,344,298,318,344,321,286,296,335,345,321,330,271,273,270,368,304,313,316,315,353,329,345,325,293,318,303,329,319,303,293,306,282,304,293,283,307,281,292,274,302,297,273,285,287,312,354,312,329,304,288,329,295,310,323,317,295,288,289,298,304,323,294,307,283,321,298,303,70
131,128,105,131,117,108,93,97,101,111,106,140,132,106,98,114,128,120,113,115,131,129,113,107,127,121,138,101,125,110,117,139,119,111,95,132,115,131,111,109,127,123,115,138,126,108,123,92,116,112,105,107,121,101,151,121,120,115,103,116,118,111,129,106,116,110,98,94,127,110,115,112,138,129,105,122,110,128,106,118,123,127,108,137,112,146,122,103,104,115,132,119,93,127,133,138,119,128,125,103,112,120,118,115,126,135,129,128,110,133,106,101,134,124,107,138,130,114,119,121,108,121,117,131,161,104,237,301,334,273,323,313,350,321,307,288,307,340,327,291,302,299,315,325,344,328,328,320,329,325,308,326,340,310,306,327,343,342,305,322,337,308,328,292,312,288,313,326,362,297,147,119,136,126,113,130,97,123,103,101,114,125,130,113,115,114,124,121,124,116,117,112,112,118,132,107,124,104,110,133,103,104,115,113,134,129,119,114,104,134,110,114,109,112,120,128,105,125,124,113,122,109,112,122,128,157,103,134,115,108,120,112,117,132,115,115,26
430,443,457,432,478,434,440,478,448,425,481,398,432,459,443,464,452,444,410,394,425,473,423,409,437,391,441,469,406,410,435,450,392,428,425,439,413,430,447,422,415,431,439,428,451,420,418,451,464,455,394,455,435,439,453,430,430,410,441,415,420,428,390,434,440,437,358,432,408,415,440,450,431,380,420,431,407,454,427,439,431,425,438,423,409,436,427,421,442,436,462,383,431,452,437,427,444,419,427,423,463,438,435,416,448,451,413,418,433,427,425,434,415,423,423,411,407,420,421,431,407,432,421,433,379,469,328,331,314,329,327,322,342,308,312,326,343,314,306,334,285,308,340,305,307,345,314,302,325,352,359,319,303,316,356,290,336,316,348,316,307,288,308,348,306,346,332,366,327,335,388,434,381,382,423,402,433,425,423,445,434,444,407,430,419,419,430,444,440,418,422,428,385,418,436,471,420,446,420,393,419,382,429,433,426,441,449,406,447,434,470,446,403,393,431,473,440,428,445,408,423,383,436,457,392,424,425,419,448,429,418,435,424,444,379,453,93
1116,1109,1155,1075,1117,1073,1124,1049,1071,1070,997,1110,1019,1081,1078,1109,1066,1059,1081,1109,1066,1088,1061,1142,1041,1125,1061,1074,1099,1088,1088,1088,1157,1126,1102,1156,1141,1066,1034,1092,1057,1079,1076,1180,1075,1100,1046,1091,1156,1154,1080,1078,1072,1033,1071,1163,1061,1041,1106,1023,1014,1050,1089,1073,1025,1125,1118,1102,1089,1113,1029,1117,1126,1068,1077,1063,1068,1105,1071,1109,1069,1166,1078,1120,1148,1059,1111,1064,1100,1050,1109,1107,1053,1149,1113,1166,1099,1057,1117,1085,1074,1120,1059,1033,1142,1115,1071,1099,1044,1126,1094,1162,1134,1102,1131,1097,1130,1116,1096,1056,1145,1052,1136,1110,1074,1105,884,679,705,715,728,693,710,701,722,667,691,630,689,631,708,718,709,679,723,725,664,719,703,731,700,752,688,671,661,737,704,676,660,695,706,670,696,671,647,707,706,706,633,669,992,1020,1104,1101,1114,1031,1113,1074,1134,1148,1111,1115,1081,1049,1133,1082,1039,1048,1069,1084,1139,1101,1094,1056,1147,1092,1078,1080,1069,1020,1098,1128,1091,1090,1071,1038,1088,1121,1149,1044,1029,1053,1080,1099,1156,1130,1074,1099,1061,1106,1135,1042,1100,1068,1091,1078,1087,1130,1108,1064,1080,1147,1087,1085,1143,1099,216
2439,2434,2421,2466,2480,2526,2389,2480,2472,2465,2505,2538,2509,2471,2444,2462,2551,2517,2418,2454,2422,2515,2526,2520,2485,2444,2492,2520,2436,2501,2403,2540,2487,2555,2477,2466,2459,2427,2478,2501,2483,2458,2506,2385,2455,2548,2458,2560,2506,2461,2529,2428,2490,2545,2485,2431,2538,2548,2491,2444,2468,2506,2545,2452,2465,2456,2488,2480,2526,2581,2554,2506,2476,2485,2400,2521,2558,2466,2411,2501,2500,2466,2442,2404,2471,2390,2523,2586,2575,2374,2474,2540,2532,2518,2431,2496,2540,2391,2477,2575,2559,2449,2538,2401,2522,2491,2529,2491,2521,2460,2419,2519,2456,2548,2491,2563,2513,2490,2462,2549,2556,2507,2506,2520,2497,2490,2519,2493,2549,2508,2557,2549,2543,2623,2509,2594,2558,2516,2558,2565,2491,2602,2522,2484,2554,2564,2440,2488,2451,2550,2487,2450,2547,2598,2509,2539,2531,2474,2476,2493,2468,2544,2563,2534,2500,2611,2556,2578,2519,2565,2496,2443,2433,2513,2505,2483,2475,2441,2512,2492,2418,2495,2543,2540,2570,2432,2548,2415,2400,2436,2471,2437,2501,2411,2484,2581,2515,2380,2464,2537,2472,2536,2463,2543,2563,2384,2426,2562,2458,2488,2572,2463,2487,2503,2519,2504,2486,2474,2474,2544,2500,2448,2457,2494,2504,2442,2549,2423,2472,2444,2448,2526,2483,2510,2438,2424,491
4832,4684,4628,4806,4817,4846,4756,4618,4761,4756,4788,4636,4730,4601,4732,4616,4639,4710,4743,4608,4724,4792,4792,4671,4620,4655,4706,4605,4721,4621,4524,4743,4768,4834,4756,4751,4783,4718,4765,4698,4756,4679,4747,4799,4905,4761,4731,4740,4642,4678,4617,4743,4714,4667,4697,4613,4673,4792,4760,4695,4729,4806,4766,4699,4805,4837,4689,4618,4708,4693,4809,4757,4707,4853,4746,4607,4750,4634,4767,4794,4663,4543,4600,4502,4761,4763,4727,4753,4692,4591,4678,4695,4687,4624,4873,4725,4647,4735,4595,4720,4752,4768,4614,4737,4594,4689,4696,4681,4754,4698,4741,4746,4725,4703,4645,4851,4690,4830,4772,4713,4560,4632,4656,4748,4869,4711,4035,3634,3670,3507,3694,3587,3592,3550,3569,3618,3645,3672,3542,3690,3604,3618,3630,3659,3606,3470,3662,3656,3601,3649,3809,3535,3529,3694,3628,3708,3585,3679,3590,3592,3784,3660,3647,3664,3625,3707,3606,3645,3659,3619,4676,4712,4640,4740,4766,4833,4743,4574,4867,4686,4710,4705,4730,4692,4644,4737,4717,4708,4762,4694,4630,4755,4643,4646,4716,4707,4641,4740,4729,4746,4949,4740,4823,4772,4559,4625,4733,4638,4754,4642,4712,4559,4704,4797,4703,4746,4576,4720,4684,4731,4615,4767,4808,4756,4674,4821,4721,4582,4638,4665,4782,4728,4692,4721,4691,4698,844
5481,5483,5633,5413,5418,5464,5477,5450,5356,5408,5349,5370,5388,5307,5308,5602,5504,5396,5510,5552,5436,5309,5336,5525,5511,5459,5467,5419,5501,5231,5443,5332,5431,5395,5422,5458,5493,5356,5342,5444,5383,5376,5336,5471,5464,5503,5512,5342,5306,5491,5478,5415,5509,5324,5431,5400,5420,5302,5469,5433,5509,5382,5545,5385,5352,5509,5356,5378,5330,5438,5559,5350,5502,5341,5368,5399,5382,5484,5416,5371,5324,5535,5533,5421,5398,5357,5334,5479,5431,5547,5411,5347,5469,5573,5387,5418,5295,5539,5417,5448,5322,5369,5393,5395,5380,5468,5501,5496,5412,5427,5379,5343,5438,5491,5436,5394,5436,5516,5355,5580,5340,5387,5375,5334,5387,5465,4758,4458,4395,4449,4459,4391,4343,4386,4404,4286,4419,4263,4412,4548,4404,4335,4300,4469,4445,4523,4495,4435,4407,4475,4282,4413,4438,4430,4354,4365,4473,4511,4265,4455,4404,4383,4360,4408,4374,4305,4527,4418,4433,4298,5428,5506,5528,5476,5405,5373,5423,5475,5334,5554,5461,5405,5475,5445,5527,5465,5420,5408,5520,5456,5375,5459,5421,5356,5386,5454,5460,5381,5527,5499,5541,5568,5361,5417,5405,5246,5414,5455,5352,5449,5314,5385,5462,5327,5493,5385,5466,5293,5481,5281,5378,5435,5524,5324,5401,5445,5477,5172,5498,5605,5385,5402,5498,5418,5369,5486,1006
4336,4289,4262,4211,4130,4285,4259,4275,4301,4222,4309,4349,4281,4305,4261,4322,4228,4188,4223,4311,4294,4351,4302,4179,4217,4283,4293,4203,4244,4309,4379,4423,4252,4214,4316,4120,4166,4368,4305,4279,4208,4264,4367,4290,4197,4079,4250,4347,4313,4302,4258,4248,4339,4334,4306,4261,4360,4258,4257,4225,4273,4275,4159,4331,4263,4171,4164,4267,4289,4186,4247,4298,4144,4174,4269,4419,4294,4274,4200,4277,4275,4250,4184,4290,4313,4148,4186,4294,4288,4231,4372,4301,4262,4349,4409,4244,4208,4302,4376,4272,4275,4245,4253,4199,4286,4170,4246,4319,4271,4230,4194,4248,4169,4273,4142,4285,4173,4258,4245,4262,4240,4335,4251,4253,4261,4289,4435,4576,4403,4549,4308,4497,4258,4473,4483,4518,4493,4492,4423,4405,4513,4423,4512,4379,4321,4408,4394,4391,4473,4498,4338,4423,4520,4412,4460,4455,4494,4450,4431,4298,4466,4434,4475,4286,4485,4408,4239,4448,4471,4458,4308,4291,4383,4279,4291,4362,4222,4336,4225,4268,4292,4278,4299,4174,4269,4275,4203,4396,4211,4258,4283,4310,4327,4179,4294,4221,4284,4306,4188,4371,4155,4356,4384,4293,4334,4394,4277,4225,4231,4342,4200,4216,4200,4180,4423,4443,4345,4380,4336,4273,4368,4275,4281,4218,4293,4193,4210,4287,4416,4358,4210,4250,4145,4268,4393,4313,825
5363,5411,5347,5383,5187,5389,5248,5471,5299,5273,5294,5369,5274,5358,5349,5135,5236,5362,5425,5308,5177,5417,5247,5306,5249,5337,5316,5356,5352,5424,5264,5232,5147,5257,5215,5246,5433,5347,5441,5256,5212,5372,5377,5256,5260,5348,5343,5329,5349,5355,5447,5433,5266,5222,5393,5313,5317,5246,5315,5275,5193,5380,5292,5353,5223,5284,5230,5275,5404,5273,5239,5318,5447,5354,5324,5338,5322,5327,5301,5351,5447,5319,5473,5319,5271,5347,5377,5132,5293,5441,5234,5243,5385,5326,5292,5419,5335,5342,5351,5342,5316,5314,5484,5427,5320,5317,5274,5251,5340,5182,5231,5461,5240,5294,5322,5231,5210,5362,5177,5254,5304,5497,5392,5324,5379,5345,4917,4680,4727,4789,4666,4596,4704,4703,4689,4773,4647,4685,4674,4802,4683,4542,4604,4672,4615,4633,4812,4733,4772,4630,4727,4620,4698,4612,4816,4605,4659,4713,4609,4687,4604,4678,4668,4683,4661,4580,4781,4627,4720,4601,5154,5366,5304,5156,5345,5376,5410,5286,5350,5263,5387,5395,5382,5459,5166,5278,5458,5217,5445,5355,5330,5391,5394,5317,5278,5337,5327,5354,5310,5243,5377,5270,5224,5296,5415,5319,5306,5286,5315,5327,5297,5319,5322,5393,5257,5312,5280,5412,5265,5381,5383,5292,5362,5366,5306,5425,5272,5452,5199,5326,5320,5305,5307,5275,5363,5289,995
4270,4236,4239,4258,4265,4275,4269,4293,4322,4247,4264,4228,4297,4351,4325,4395,4086,4337,4317,4280,4280,4192,4292,4322,4259,4336,4289,4187,4236,4281,4368,4129,4356,4229,4173,4291,4270,4231,4286,4408,4332,4282,4183,4280,4305,4265,4193,4241,4274,4251,4252,4331,4262,4306,4265,4173,4308,4300,4229,4270,4347,4331,4365,4384,4236,4228,4319,4300,4366,4319,4259,4294,4257,4297,4329,4299,4262,4183,4261,4294,4259,4330,4269,4300,4225,4209,4195,4290,4204,4412,4178,4254,4361,4239,4233,4278,4284,4236,4281,4288,4271,4277,4367,4296,4226,4177,4270,4312,4249,4238,4368,4234,4295,4347,4279,4335,4200,4263,4276,4153,4279,4245,4235,4196,4169,4210,4385,4610,4486,4401,4485,4558,4517,4507,4554,4486,4398,4616,4431,4385,4439,4463,4629,4572,4541,4424,4550,4422,4379,4511,4524,4612,4568,4442,4554,4394,4557,4578,4510,4452,4546,4498,4669,4621,4617,4387,4515,4482,4347,4471,4328,4374,4272,4222,4202,4325,4170,4291,4223,4239,4278,4148,4280,4318,4282,4240,4262,4345,4275,4302,4282,4188,4281,4393,4341,4273,4345,4240,4371,4276,4226,4264,4234,4312,4285,4467,4217,4337,4297,4185,4297,4395,4207,4320,4141,4225,4228,4231,4332,4119,4267,4255,4187,4262,4375,4265,4193,4393,4221,4275,4223,4272,4158,4228,4358,4337,744
4844,4907,4927,4875,4988,4918,5025,4895,5068,4946,5030,4970,4939,4962,5062,4995,4989,4878,4864,5099,5061,5049,4939,5043,5075,5032,4937,4945,4916,5033,4999,5056,5090,4904,5047,4868,5058,4937,5084,4957,4989,4989,4952,5039,4945,5022,4861,4861,5038,4862,5080,4906,4927,5083,4946,5034,4932,5008,4951,5126,5024,5079,4872,5037,5041,4916,5099,5030,5019,4985,4961,5030,4918,4943,4970,4968,4844,5036,5017,4886,5000,4998,5032,5095,4929,4988,4970,4976,5027,5079,5057,4977,5038,4897,4822,4945,5103,4963,4969,4845,4907,5047,4902,4968,5008,4907,5120,4788,4925,4974,5064,5001,4959,4905,5045,4928,5007,4922,4985,4997,5030,4911,5019,5065,4988,4984,4517,4189,4406,4219,4215,4113,4178,4193,4264,4267,4159,4298,4190,4402,4176,4246,4152,4228,4169,4349,4196,4148,4300,4160,4277,4202,4237,4209,4149,4320,4232,4204,4370,4301,4270,4273,4274,4244,4361,4259,4245,4240,4171,4274,4986,5038,4974,5133,5009,4921,5162,5089,4907,4893,5098,5113,4816,4900,4924,4955,4835,4910,4997,5008,4914,4957,5089,4941,5006,4946,4923,5034,5001,4953,4970,4914,4978,4966,5003,4983,5028,4943,4928,5104,4992,5081,4982,4913,5018,4914,5017,5105,5012,4940,4996,4944,4937,5089,4902,4886,5009,5045,4987,4974,4959,4809,5033,5042,5001,4976,912
4291,4336,4154,4190,4230,4116,4207,4218,4283,4405,4261,4181,4308,4255,4140,4380,4512,4231,4218,4244,4207,4171,4345,4081,4079,4197,4191,4265,4254,4182,4199,4251,4256,4303,4270,4263,4225,4211,4357,4242,4259,4333,4203,4169,4283,4247,4325,4244,4265,4210,4261,4235,4195,4319,4351,4345,4285,4369,4199,4334,4275,4131,4213,4234,4374,4195,4277,4246,4260,4301,4272,4235,4183,4241,4333,4280,4378,4121,4250,4312,4288,4301,4232,4240,4272,4312,4228,4211,4287,4173,4274,4182,4363,4273,4189,4163,4126,4213,4253,4270,4284,4268,4198,4262,4246,4238,4281,4181,4255,4219,4270,4295,4306,4341,4158,4230,4309,4164,4286,4223,4406,4355,4204,4192,4266,4220,3879,3709,3598,3703,3792,3738,3735,3781,3799,3579,3763,3659,3799,3717,3759,3684,3699,3690,3725,3717,3623,3633,3761,3754,3784,3766,3788,3680,3640,3751,3664,3634,3867,3767,3689,3702,3702,3767,3687,3796,3686,3689,3694,3837,4096,4201,4323,4238,4371,4247,4227,4247,4383,4250,4193,4104,4319,4352,4297,4273,4307,4302,4158,4314,4289,4252,4264,4335,4270,4215,4230,4285,4305,4299,4180,4255,4294,4231,4278,4221,4283,4375,4419,4162,4364,4139,4333,4157,4203,4244,4289,4272,4287,4294,4196,4360,4313,4230,4236,4327,4305,4315,4276,4273,4240,4202,4353,4276,4211,4306,794
2880,2997,2984,3035,2963,2899,2944,2977,3065,3061,3053,3002,2989,2948,3074,2908,2976,2980,2945,2872,2968,2919,2985,3027,2988,2955,3017,2972,2956,2971,2900,2881,3016,3118,2878,3090,2888,3010,2867,2959,3022,2851,3057,2996,3048,2919,3011,2970,2975,2937,2936,3000,3024,2994,3027,3015,3009,3010,3072,2995,2915,2947,2911,2797,3087,3051,3017,2896,2925,3040,2904,2940,3050,3041,3012,2978,3034,3083,3118,2975,2878,2933,3071,2985,2960,3050,3047,2967,2995,2925,3041,3063,2893,2952,2931,3026,2967,2929,2924,2986,3061,2956,3035,3048,2915,2934,2907,3057,2998,3101,3062,3035,3080,2966,3020,2980,2999,2911,2942,3076,3006,2991,3029,2950,2941,2933,3174,3137,3110,3109,3168,3237,3220,3242,3160,3139,3155,3208,3273,3138,3279,3148,3148,3164,3201,3259,3266,3375,3277,3281,3193,3158,3110,3209,3219,3225,3142,3097,3216,3232,3234,3189,3121,3136,3149,3223,3164,3264,3190,3164,2919,3013,2953,2951,2982,2978,2984,3012,2885,2993,2983,3034,2939,2980,3015,2988,3034,2995,3036,2934,3020,3089,2990,2916,2956,2932,3049,3003,2954,2974,3065,2794,2893,2929,2890,3054,2939,3064,2982,2924,3049,3016,3006,2929,2872,2991,3078,2944,2889,3009,2868,3002,2959,3009,3021,2974,2948,2877,3037,3016,3111,3061,3012,2995,3014,2998,516
2814,2865,2851,2834,2837,2820,2788,2819,2782,2761,2829,2801,2858,2863,2891,2785,2780,2851,2920,2838,2892,2796,2801,2813,2866,2921,2768,2948,2837,2811,2925,2857,2755,2801,2924,2805,2796,2797,2807,2866,2824,2749,2874,2743,2787,2872,2922,2915,2743,2896,2836,2749,2814,2913,2705,2946,2781,2743,2868,2746,2863,2757,2829,2837,2777,2914,2893,2889,2760,2787,2908,2837,2913,2909,2794,2793,2696,2819,2834,2961,2835,2891,2798,2922,2882,2847,2835,2783,2846,2898,2775,2809,2748,2792,2790,2775,2961,2905,2877,2883,2854,2900,2724,2863,2937,2895,2750,2822,2855,2904,2852,2727,2752,2824,2984,2856,2856,2813,2895,2766,2866,2827,2751,2878,2752,2908,2646,2739,2720,2708,2767,2763,2778,2771,2677,2701,2781,2778,2702,2650,2705,2721,2790,2683,2799,2718,2662,2767,2727,2632,2720,2642,2687,2765,2763,2708,2871,2716,2735,2667,2728,2742,2699,2742,2759,2727,2776,2554,2734,2776,2709,2869,2803,2770,2759,2858,2819,2830,2768,2781,2780,2843,2837,2723,2849,2878,2802,2894,2827,2820,2913,2777,2804,2961,2875,2866,2786,2864,2789,2797,2839,2865,2885,2878,2846,2838,2877,2748,2826,2868,2802,2793,2860,2803,2823,2729,2877,2817,2821,2833,2814,2891,2734,2809,2778,2854,2958,2853,2860,2768,2886,2872,2862,2806,2749,2776,540
1955,1949,2020,2046,1960,1912,2007,2006,1965,1920,1928,1938,1974,1978,1933,1906,1962,2051,1971,1897,1987,1931,1919,1928,2026,2012,2040,1982,2049,1966,1991,2034,1935,1913,1958,1933,1912,1985,1908,1901,1974,1975,2022,2011,1797,1943,1928,1962,1941,1954,1916,2024,1936,1971,1898,1921,1923,1981,1914,1969,1993,1940,2018,2011,1992,1910,2016,2043,1938,1906,1962,1926,2007,1947,1996,1867,1947,1967,1969,1935,2007,1918,1895,1840,1948,1974,2019,1988,1920,1847,1998,2039,1942,1958,1990,1974,2015,1996,1916,1924,1921,1904,1935,2021,1957,2045,1924,1915,1965,2029,1935,1879,2011,1911,1940,1900,2019,1981,1998,1983,1874,1875,2043,1949,1960,1973,2176,2294,2342,2319,2253,2437,2379,2320,2281,2468,2361,2433,2337,2289,2370,2404,2448,2320,2347,2390,2309,2363,2312,2304,2398,2279,2299,2299,2296,2355,2373,2335,2361,2284,2281,2386,2312,2367,2290,2356,2335,2298,2325,2455,2093,2006,1964,2046,1891,1946,1902,1969,1920,1932,1971,2007,1923,1939,2007,1951,1964,2000,1920,1874,1892,1995,1929,1966,1941,1978,1930,1952,1939,1976,1870,2015,1960,1947,1990,1969,1985,1901,1862,1957,1948,1983,1953,2060,2030,1924,1952,1922,1958,1955,1901,1982,2027,1938,2043,1935,1969,2033,1890,1875,1953,1982,1964,1924,1948,1980,324
1012,1049,1013,1036,1059,1057,1089,1061,1013,1029,1081,1084,1024,1023,1106,983,975,1025,1030,1118,1091,1015,1059,1088,1035,979,968,1069,1024,1033,1059,1037,994,1051,1055,1037,1022,1076,1064,1046,1032,1143,1003,1057,1017,1009,1077,1045,992,1038,1031,1017,984,1073,1016,1034,1064,1044,1021,1071,1045,975,1072,1010,1034,1025,1017,1065,1083,1101,1015,1033,1033,1026,1030,1040,1085,1004,1023,987,1045,1086,1043,1077,1037,1121,990,1043,964,1005,950,994,1025,1057,1001,990,1006,1110,1134,1068,1014,1028,1079,1040,1037,1041,1055,1046,974,1039,1061,1086,990,1025,1063,1057,1075,1046,1054,995,1069,1036,1025,1034,1009,1020,1887,2404,2279,2437,2352,2453,2427,2272,2350,2447,2340,2324,2369,2312,2277,2300,2223,2374,2397,2300,2368,2381,2326,2359,2338,2411,2399,2402,2397,2376,2303,2319,2309,2347,2349,2315,2302,2448,2350,2345,2333,2371,2469,2380,1164,990,986,979,977,1009,1009,999,1111,1042,992,1036,1048,1044,1002,1071,1036,1042,1000,1027,999,1044,1065,1071,977,1021,1026,1022,1046,1112,940,997,1045,1077,1029,1072,1020,1006,1064,1050,1026,1109,1040,1059,1049,1027,976,1029,1032,1027,1083,1007,1002,1042,1057,1030,981,1006,992,1035,1032,1056,1015,1029,979,1064,207
222,271,262,264,295,236,253,225,230,243,199,270,262,261,213,247,222,219,219,246,242,255,261,239,298,237,253,245,237,251,266,237,232,237,236,272,224,282,251,244,281,233,224,215,249,290,235,233,262,270,251,256,250,243,225,240,266,253,261,255,221,240,224,265,210,249,247,265,199,297,240,258,211,225,231,249,227,284,242,228,241,258,220,287,215,232,247,253,228,263,250,241,250,233,280,243,261,230,236,247,237,247,233,213,265,251,233,242,241,273,260,243,269,216,241,236,226,273,243,267,221,258,269,263,247,255,763,964,1016,1008,991,1031,1013,1033,995,1053,1036,987,1051,1019,974,1076,975,1018,1028,1003,1076,1036,958,988,974,1097,1039,991,1008,990,1009,1071,1079,1008,977,1003,944,947,979,1043,981,1052,1012,1030,368,221,269,232,260,283,260,260,211,238,237,225,252,223,219,253,236,268,220,242,237,271,230,224,242,246,207,233,257,238,292,251,245,238,263,287,258,277,228,248,226,279,234,237,229,247,240,219,225,258,234,242,233,256,232,223,244,249,239,238,255,216,240,248,268,266,37
580,575,592,593,592,607,569,575,550,600,563,610,553,599,585,582,602,573,593,599,558,601,623,582,584,590,623,592,552,608,577,560,570,502,579,570,588,589,539,593,604,549,557,541,557,548,606,589,601,623,580,603,591,555,579,555,540,522,568,589,545,614,555,582,587,539,514,587,592,541,562,593,533,574,618,576,566,565,634,569,580,558,526,583,581,608,602,583,535,558,573,626,540,547,586,579,566,566,590,523,623,571,596,576,599,576,561,584,628,612,610,571,550,530,585,549,614,586,569,589,575,561,559,604,575,541,709,831,843,832,843,823,848,824,836,832,878,811,823,778,858,873,824,863,819,853,851,835,845,874,779,836,794,895,821,782,788,860,750,901,790,859,786,856,767,862,823,828,830,796,623,539,535,620,594,582,565,546,598,619,570,621,552,597,513,583,583,562,574,588,615,554,540,594,565,599,604,566,567,559,567,528,590,582,596,570,567,565,570,580,616,631,591,602,519,559,561,608,560,557,616,585,546,568,589,605,597,608,627,531,555,622,602,634,598,583,109
616,568,580,632,651,575,593,593,559,647,602,637,598,594,607,583,608,577,572,583,634,586,652,604,626,601,565,579,618,622,613,603,633,603,612,588,577,619,590,607,633,603,582,580,631,581,551,628,565,627,604,608,634,588,597,632,619,610,579,571,609,603,612,562,607,605,641,591,580,577,578,586,625,608,565,620,601,620,593,581,607,587,618,632,654,583,575,594,635,590,636,651,595,626,654,604,598,575,593,624,614,545,606,576,564,670,564,630,578,594,584,571,636,590,620,602,548,570,653,593,593,595,594,631,597,617,677,709,731,741,736,762,752,783,730,718,753,703,716,730,772,756,743,733,732,707,798,723,720,717,723,753,739,743,761,727,744,731,756,764,760,735,783,734,781,760,730,764,708,691,635,543,604,651,609,593,597,585,624,609,595,590,652,632,617,628,590,611,543,614,613,591,607,625,607,535,613,616,558,601,605,599,603,530,536,614,597,606,601,627,582,651,634,587,614,607,561,570,598,583,622,573,574,582,598,632,587,587,599,591,642,610,585,619,636,584,113
423,380,391,343,357,433,433,425,407,421,421,391,385,429,419,424,455,441,391,410,409,418,423,407,426,415,406,390,384,444,445,405,405,455,445,409,426,440,411,440,393,399,461,407,436,391,400,383,417,386,423,405,406,347,421,447,408,404,386,432,438,412,413,459,448,410,438,363,391,401,390,387,405,449,408,420,427,454,396,388,397,379,388,418,401,393,494,438,401,395,373,428,373,378,422,440,399,431,388,415,418,423,435,420,463,413,407,461,394,389,374,399,386,401,442,408,437,388,434,434,421,417,439,396,462,383,624,694,699,706,712,675,693,657,692,649,644,719,723,679,684,756,696,728,657,675,710,683,687,687,691,698,688,665,769,717,702,711,687,639,723,682,710,633,728,648,704,684,763,693,447,399,426,375,448,382,389,414,459,423,429,418,421,434,457,441,443,393,417,442,403,412,382,430,396,413,403,389,376,384,425,383,398,403,431,394,429,395,436,420,395,389,469,466,401,400,422,386,407,440,455,377,429,403,439,367,411,400,441,454,427,414,408,391,410,367,88
339,305,330,343,372,328,348,318,315,348,319,349,350,341,312,323,341,322,339,348,345,373,325,318,337,315,318,384,348,372,334,370,345,310,350,305,348,342,332,315,345,341,366,329,317,326,328,338,355,348,307,327,334,323,359,345,317,337,338,323,341,372,357,319,334,306,343,329,334,330,356,331,333,322,379,364,346,354,336,338,309,302,343,336,331,351,327,304,327,362,312,330,324,351,361,356,348,323,308,316,338,348,351,330,346,342,371,360,303,313,348,293,333,328,350,314,356,341,347,316,329,367,347,338,369,324,462,570,584,589,565,503,592,524,555,517,560,520,572,577,627,554,618,596,580,581,534,570,547,538,539,623,571,551,546,554,493,604,586,624,553,594,561,564,584,605,574,566,562,554,377,322,330,364,310,334,340,360,308,331,364,312,333,276,357,326,334,307,325,335,361,279,321,349,313,320,348,320,335,327,353,339,339,320,350,320,356,330,323,296,334,373,373,349,315,360,309,347,329,351,350,334,309,332,354,338,318,360,333,331,310,362,342,290,290,297,55
