"Location","Freq","lng","lat","radius"
"Broadway",201980,-73.9255789,40.7617758,449.421850826148
"3rd Ave",148186,-73.9830681,40.7389372,384.94934731728
"5th Ave",97622,-73.9342729,40.8174708,312.445195194293
"Madison Ave",92179,-73.969627,40.7660335,303.609947136124
"Lexington Ave",79125,-73.9603164,40.7730129,281.291663580704
"1st Ave",69512,-73.9401347,40.7895303,263.651284844205
"2nd Ave",67751,-73.9938908,40.6719924,260.290222636195
"Queens Blvd",60770,-73.9177213,40.7432249,246.515719579908
"7th Ave",59656,-73.9820256,40.7630704,244.245777855012
"8th Ave",56147,-73.9856481,40.7629156,236.953581952247
"Amsterdam Ave",55472,-73.9821175,40.7779222,235.524945600248
"6th Ave",50853,-74.0008455,40.7318551,225.506097478538
"Jamaica Ave",48552,-73.7665445,40.7133043,220.345183745867
"Park Ave",47675,-73.9805026,40.7484151,218.34605560898
"Columbus Ave",40221,-73.9793229,40.776739,200.551738960299
"37th Ave",36225,-73.9179971,40.7506444,190.328663106743
"Coney Island Ave",35776,-73.960789,40.593014,189.14544668059
"HORACE HARDING EXPWY",33948,-73.7249093,40.7645186,184.249830393409
"Roosevelt Ave",33250,-73.8332175,40.7585475,182.345825288105
"White Plains Rd",31732,-73.8663349,40.8771761,178.134780433244
"Nostrand Ave",31181,-73.949556,40.6803935,176.5814259768
"Myrtle Ave",29003,-73.9352775,40.6969959,170.302671734768
"9th Ave",28959,-74.0027323,40.7446399,170.173440936005
"Main St",27859,-73.8314394,40.762159,166.910155472937
"Atlantic Ave",27643,-73.8949322,40.6759984,166.261841683532
"Northern Blvd",25729,-73.9062074,40.7530794,160.402618432493
"Flatbush Ave",25560,-73.9088164,40.5974264,159.874951133691
"Steinway St",24335,-73.9201758,40.7575068,155.996794838868
"Court St",24172,-73.9917825,40.6940745,155.473470405725
"Fulton St",23551,-74.0078096,40.7102369,153.463350673703
"St Nicholas Ave",23462,-73.952807,40.80587,153.17310468878
"W 39th St",23362,-73.992002,40.7556902,152.846328055338
"E Tremont Ave",23343,-73.9059612,40.8495271,152.784161482792
"W 58th St",23267,-73.9736008,40.7637196,152.535241829552
"BROADWAY",22669,-73.9255789,40.7617758,150.562279472649
"13th Ave",22626,-74.008637,40.619143,150.41941364066
"W 38th St",22376,-73.988787,40.753517,149.586095610521
"Grand Concourse",22359,-73.885364,40.8772429,149.529261350413
"Jerome Ave",21786,-73.887736,40.877034,147.600813005891
"W 35th St",21416,-74.0001711,40.5722429,146.342065039414
"Westchester Ave",21143,-73.9159846,40.8164868,145.406327235097
"W 48th St",21122,-73.9794547,40.757852,145.334097857316
"W 45th St",20667,-73.988494,40.7592052,143.760217028217
"W 46th St",20659,-73.9812777,40.7569769,143.732390225725
"W 37th St",20658,-74.0025693,40.5733798,143.728911496609
"Austin St",20476,-73.8281914,40.7080116,143.094374452667
"W 47th St",20341,-73.9847647,40.7592666,142.62187770465
"Manhattan Ave",19897,-73.9573209,40.8043633,141.056726177804
"Liberty Ave",19891,-73.8965126,40.6744049,141.035456534873
"10th Ave",19864,-73.9188694,40.8644347,140.939703419583
"W 56th St",19805,-73.9833766,40.7660319,140.730238399571
"W 43rd St",19511,-73.9891695,40.757858,139.681781202847
"York Ave",19502,-73.9578475,40.7612647,139.64956140282
"E 58th St",19302,-73.9212911,40.6389025,138.931637865534
"E 54th St",18783,-73.926326,40.65035,137.051085366005
"Hillside Ave",18282,-73.7948017,40.7099913,135.210946302435
"W 36th St",18258,-74.0014288,40.5731491,135.122166945324
"Greenwich St",17733,-74.012934,40.7094844,133.165310798271
"86th St",17311,-74.0282979,40.622811,131.571273460433
"Church Ave",17203,-73.9635215,40.6492649,131.160207380135
"Avenue U",17045,-73.9298072,40.6051124,130.556501178608
"W 14th St",16852,-73.9960774,40.7370431,129.815253341046
"Metropolitan Ave",16725,-73.9386858,40.7145903,129.325171563776
"W 49th St",16119,-73.9790527,40.7584986,126.960623816993
"Kings Hwy",16091,-73.9212985,40.6565574,126.850305478544
"31st St",15928,-73.9297973,40.7565241,126.206180514268
"30th Ave",15667,-73.9215824,40.7666967,125.167887255478
"E 13th St",15413,-73.9884737,40.7329383,124.149103903331
"W 55th St",15305,-73.9838267,40.7654145,123.713378419636
"W 44th St",14916,-73.9888431,40.758532,122.131077126176
"18th Ave",14785,-73.9769395,40.6296217,121.593585357123
"E 56th St",14664,-73.925152,40.6570876,121.095004025765
"E 14th St",14563,-73.9900281,40.7345017,120.677255520666
"W 51st St",14544,-73.9828071,40.7617189,120.598507453451
"89th Ave",14485,-73.7587824,40.7193858,120.353645561736
"W 33rd St",14349,-73.9991284,40.5726989,119.787311515035
"Grand St",14289,-73.9937839,40.7181616,119.536605272193
"W 52nd St",14137,-73.9764169,40.7598407,118.899116901683
"E 45th St",13972,-73.935416,40.653505,118.203214846298
"W 40th St",13914,-74.0019727,40.7606802,117.957619508025
"E 59th St",13574,-73.9624293,40.7598198,116.507510487522
"E 86th St",13305,-73.960234,40.781469,115.347301658946
"E 12th St",13282,-73.9882889,40.7320224,115.247559627091
"W 50th St",13238,-73.9818069,40.7604917,115.056507855923
"E 49th St",13220,-73.929362,40.632788,114.978258814438
"Mott St",13141,-73.9964811,40.7190494,114.634200830293
"W 72nd St",13098,-73.9759585,40.7762171,114.446494048529
"E 60th St",13005,-73.9712472,40.764344,114.039466852489
"E 41st St",12942,-73.933522,40.623183,113.762911355151
"Webster Ave",12825,-73.9008243,40.8478532,113.247516529061
"Bedford Ave",12785,-73.9577249,40.7178272,113.070774296456
"39th Ave",12702,-73.9329357,40.7526866,112.703149911615
"4th Ave",12615,-73.9885174,40.7371225,112.316517040015
"Pearl St",12589,-73.6415321,43.3123228,112.200713010212
"W 41st St",12545,-73.9945376,40.7584117,112.004464196745
"Riverside Dr",12412,-73.9282478,40.8656646,111.409155817644
"41st Ave",12391,-73.896874,40.744461,111.314868728306
"82nd St",12033,-73.8877136,40.7665995,109.695031792693
"Livingston St",11969,-73.650311,42.783233,109.402925006601
"Washington St",11890,-79.0532195,43.1235358,109.041276588272
"W 16th St",11884,-73.9846296,40.5815396,109.013760599293
"E 52nd St",11761,-73.928827,40.655456,108.448144290255
"38th St",11755,-73.927441,40.7421227,108.420477770576
"E 50th St",11604,-73.9769016,40.7584119,107.721864075962
"W 57th St",11569,-73.9757044,40.7636969,107.559285977548
"3RD AVE",11554,-73.9830681,40.7389372,107.489534374282
"Orchard St",11297,-73.441274,40.714787,106.287346377638
"Clinton St",11295,-73.7901398,43.0980513,106.27793750351
"W 26th St",11238,-73.9883097,40.7434999,106.009433542492
"W 125th St",11169,-73.9437782,40.8070562,105.683489722851
"Front St",11127,-74.0036122,40.7067802,105.484596031838
"E 55th St",11091,-73.925392,40.650407,105.313816757347
"Henry St",10957,-73.5781735,40.6538081,104.675689632311
"W 54th St",10680,-73.9815692,40.7636543,103.34408546211
"W 28th St",10634,-73.9939096,40.5734658,103.121287811974
"New Utrecht Ave",10599,-73.994273,40.642711,102.951444866014
"E 43rd St",10544,-73.9802731,40.754104,102.683981223947
"W 23rd St",10541,-73.9900799,40.5760557,102.669372258722
"W 27th St",10534,-73.9933895,40.5764243,102.635276586562
"E 47th St",10491,-73.9737345,40.7546125,102.425582741813
"Kissena Blvd",10483,-73.8151332,40.7399594,102.386522550578
"Union Tpke",10464,-73.8072051,40.7204611,102.293694820355
"E 53rd St",10457,-73.924469,40.623743,102.259473888731
"Montague St",10353,-73.994301,40.6948001,101.749692874229
"E 10th St",10286,-73.9902382,40.731233,101.419919148065
"E 18th St",10262,-73.9886291,40.7371699,101.301530097033
"E 39th St",10235,-73.941327,40.654681,101.168176814649
"164th St",10179,-73.8042699,40.7437756,100.891030324801
"E 23rd St",10173,-73.9439695,40.5838183,100.861290890014
"Cross Bay Blvd",9985,-73.8412311,40.6650104,99.9249718538864
"Ocean Pky",9913,-73.9738491,40.6506405,99.5640497368403
"E 46th St",9851,-73.9330221,40.6399119,99.252204005755
"E 40th St",9734,-73.9373977,40.6322787,98.6610358753647
"Junction Blvd",9695,-73.8694786,40.7491675,98.4631910918999
"Warren St",9598,-73.760562,42.6436882,97.9693829724368
"Bell Blvd",9584,-73.7638406,40.7521662,97.8979060041633
"Sunnyside Lot",9574,-73.9354153,40.7398242,97.8468190591805
"162nd St",9476,-73.8048758,40.7538398,97.3447481891037
"Hudson St",9448,-74.0090579,40.7172851,97.2008230417829
"E 15th St",9447,-73.9913027,40.735918,97.1956789162975
"Ludlow St",9417,-73.9877912,40.7211866,97.041228351665
"E 48th St",9360,-73.9307864,40.6372434,96.7470929795826
"E Gun Hill Rd",9333,-73.840644,40.867554,96.6074531286277
"41st St",9292,-73.9162896,40.7609429,96.3950206182871
"8TH AVE",9269,-73.9856481,40.7629156,96.2756459339536
"E 17th St",9256,-73.9888773,40.7364983,96.2081077664456
"71st Ave",9248,-73.8438498,40.7215986,96.1665222413705
"Dekalb Ave",9204,-73.9817598,40.6906042,95.9374796416917
"Southern Blvd",9185,-73.7770254,42.6247994,95.8384056628657
"E 16th St",9145,-73.9878179,40.7352924,95.6294933584823
"Morris Park Ave",9104,-73.872217,40.8416301,95.4148835350125
"11th Ave",9080,-74.0085024,40.7443704,95.2890339965728
"Bowery",9074,-73.996006,40.7163433,95.2575456328789
"Church St",9067,-76.1181071,43.1350587,95.2207960479222
"Grand Ave",9055,-73.8837649,40.7336092,95.1577637400123
"Avenue A",9021,-73.9574947,40.7617403,94.9789450352024
"E 61st St",8947,-73.916486,40.616553,94.5885828205498
"Utica Ave",8934,-73.9308408,40.679347,94.5198391873368
"Madison St",8772,-73.90027,40.706357,93.6589557917448
"Washington Ave",8613,-73.9610206,40.6636159,92.8062497895481
"Morris Ave",8577,-73.911438,40.8377844,92.6120942425988
"33rd St",8560,-73.9887001,40.7485384,92.520268049763
"Eastern Pky",8478,-73.9387715,40.6692306,92.0760555193368
"74th St",8438,-73.8872428,40.7291609,91.8585869693193
"E 32nd St",8406,-73.939683,40.612782,91.6842407396168
"E 9th St",8340,-73.994297,40.732165,91.323600454647
"Park Pl",8305,-73.9311330784453,41.78139135,91.1317727249942
"Bleecker St",8288,-74.0044748,40.7337978,91.0384534139283
"E 38th St",8201,-73.9298168,40.6106251,90.5593727893474
"Greenpoint Ave",8169,-73.9402955,40.733293,90.3825204339866
"Lafayette St",8148,-73.9947115,40.7258521,90.2662727711741
"37th St",8143,-73.926474,40.7520713,90.2385726837476
"E 33rd St",8142,-73.9368975,40.6113788,90.2330316458446
"W Broadway",8131,-73.9389158,41.0923274,90.1720577562695
"Sutphin Blvd",8093,-73.8100753,40.7055897,89.9611027055582
"Valentine Ave",8079,-73.9010121,40.8483693,89.8832576178679
"Arthur Ave",8068,-73.887568,40.855556,89.8220462915425
"W 13th St",8054,-73.997341,40.736668,89.7440805847383
"Smith St",8030,-73.5782861,40.65325,89.6102672688794
"E 30th St",8017,-73.9762848,40.7416698,89.5377015563835
"Williamsbridge Rd",8010,-73.8440591,40.8422531,89.4986033410578
"E 57th St",7984,-73.9196684,40.615023,89.3532316147547
"Walton Ave",7982,-73.927298,40.8215451,89.3420393767682
"E 19th St",7785,-73.9621358,40.6496994,88.2326470191165
"Bainbridge Ave",7755,-73.879455,40.874976,88.062477821147
"Remsen St",7755,-73.9946181,40.6941219,88.062477821147
"Mercer St",7740,-73.995585,40.7282036,87.9772697916911
"Union St",7711,-73.9831945,40.677186,87.8122998218359
"W 25th St",7677,-73.9916599,40.5729955,87.6184911990614
"University Ave",7640,-77.5685972,43.1509437,87.4070935336486
"Murray St",7598,-73.6517497,43.3047125,87.1665073293636
"E 28th St",7568,-73.9508058,40.6444432,86.9942526837262
"E 4th St",7528,-73.969094,40.604551,86.7640478539355
"Ditmars Blvd",7524,-73.9196722,40.7824664,86.7409937688058
"47th St",7500,-73.9153861,40.753907,86.6025403784439
"Pacific St",7496,-73.9083461,40.6753844,86.5794432876534
"McDonald Ave",7488,-73.9798789,40.6451091,86.5332306111357
"E 7th St",7468,-73.9746306,40.6504505,86.4175908018732
"E Broadway",7450,-73.9901665,40.7141222,86.3133825081603
"E 71st St",7427,-73.967534,40.771776,86.180044093746
"3 AVE",7406,-74.144941,40.600409,86.0581198958007
"W 22nd St",7383,-73.9895484,40.5790874,85.9243853629457
"31st Ave",7335,-73.9265628,40.7657764,85.6446145417212
"W 29th St",7291,-73.99545,40.575808,85.3873526934756
"E 35th St",7290,-73.9423398,40.628347,85.3814968245462
"35th Ave",7275,-73.9245059,40.7562613,85.2936105461599
"E 26th St",7232,-73.9426626,40.5841214,85.0411665018772
"Mulberry St",7220,-73.9972983,40.7193413,84.970583144992
"W 24th St",7202,-73.9911324,40.5759409,84.8645980371085
"46th St",7191,-73.9140858,40.7566484,84.7997641506154
"Water St",7190,-74.185461,42.94842,84.7938677028003
"E 70th St",7177,-73.90893,40.620062,84.717176534632
"108th St",7176,-73.847895,40.729619,84.7112743381895
"Allen St",7176,-73.868376,42.227477,84.7112743381895
"Lenox Ave",7172,-75.248305,43.105369,84.6876614389605
"E 87th St",7171,-73.8972471,40.6290028,84.6817571853584
"14th Ave",7168,-73.8318475,40.7861405,84.6640419540669
"E 29th St",7130,-73.9428265,40.599991,84.4393273303382
"Ft Washington Ave",7119,-73.9389728,40.849252,84.3741666625514
"Crosby St",7095,-73.9956638,40.7254397,84.2318229649578
"LEXINGTON AVE",7086,-73.9603164,40.7730129,84.1783820229398
"E 63rd St",7070,-73.910704,40.609221,84.0832920383116
"West End Ave",7066,-73.9869457,40.7764553,84.05950273467
"45th St",7053,-74.0096111,40.6492944,83.9821409586586
"43rd St",7039,-73.9215345,40.7432362,83.8987485007971
"W 17th St",7039,-73.9845266,40.5753405,83.8987485007971
"150th St",6959,-73.808046,40.709357,83.4206209518965
"Parsons Blvd",6953,-73.8037847,40.7073827,83.3846508657319
"43rd Ave",6879,-73.9295048,40.7462043,82.9397371589759
"85th St",6848,-73.863794,40.703334,82.7526434623088
"Vanderbilt Ave",6834,-73.977432,40.753717,82.6680107417615
"E 44th St",6762,-73.9784549,40.7541522,82.2313808712951
"Lafayette Ave",6751,-73.8658951,40.8209913,82.1644692065859
"34th Ave",6729,-73.9209677,40.7567327,82.0304821392633
"Prince St",6709,-73.9977898,40.7241951,81.9084855189009
"83rd St",6697,-73.994265,40.604996,81.8352002502591
"NORTHERN BLVD.(W/B)@",6692,-73.577641,40.827852,81.8046453448702
"Boston Rd",6691,-73.896754,40.833322,81.7985329941803
"36th St",6676,-73.928282,40.7520898,81.706792863262
"Park Ave South",6661,-73.9885174,40.7371225,81.6149496109628
"Nassau St",6625,-74.008418,40.70953,81.3941029804985
"College Point Blvd",6611,-73.83714,40.7435166,81.3080561814141
"E 51st St",6555,-73.9766287,40.7591164,80.9629544915451
"44th St",6529,-73.920203,40.745116,80.802227692063
"E 149th St",6522,-73.9232143,40.8175055,80.7589004382799
"MADISON AVE",6514,-73.969627,40.7660335,80.7093550959243
"E 91st St",6490,-73.8942816,40.6309228,80.5605362444913
"W 53rd St",6486,-73.9800788,40.7622003,80.5357063668035
"NB WOODHAVEN BLVD @",6474,-73.8456853,40.6832982,80.4611707595658
"E 21st St",6466,-73.960423,40.652556,80.4114419718985
"Fresh Pond Rd",6439,-73.8959256,40.7062234,80.2433797892387
"QUEENS BLVD. (W/B) @",6429,-73.8201378,40.7096016,80.1810451416044
"W 4th St",6410,-74.0006446,40.7315541,80.0624756049924
"E 8th St",6403,-73.968735,40.628211,80.0187478032492
"38th Ave",6360,-73.9357184,40.7557583,79.7496081495075
"E 69th St",6360,-73.905269,40.615633,79.7496081495075
"161st St",6331,-73.7800746,40.6762357,79.5675813381304
"E 80th St",6296,-73.9567991,40.7749613,79.3473376995095
"8 AVE",6270,-73.9740795580111,40.5878783867403,79.1833315793166
"E 62nd St",6256,-73.9604668,40.761437,79.0948797331408
"E 11th St",6241,-73.993322,40.733304,79
"E 22nd St",6229,-73.954885,40.628336,78.9240140895026
"40th Rd",6222,-73.9360994,40.7517089,78.8796551716601
"Joralemon St",6207,-73.9908942,40.6925199,78.7845162452623
"81st St",6206,-73.8890927,40.7709138,78.7781695649245
"Adam Clayton Powell",6184,-73.9474161643606,40.8092175,78.63841300535
"E 72nd St",6170,-73.9655484,40.7718323,78.5493475466219
"35th St",6155,-73.930688,40.737875,78.4538080656382
"E 27th St",6126,-73.9414762,40.583718,78.268767717398
"42nd St",6103,-73.9223767,40.7437646,78.1216999303011
"Dean St",6059,-73.8986871,42.8195912,77.8395786216755
"Broome St",6020,-73.987879,40.717409,77.5886589650833
"W 15th St",6016,-73.982754,40.5774579,77.5628777186613
"W 30th St",6015,-73.9959547,40.5728234,77.556431067965
"PENNSYLVANIA AVE.(N/",6010,-73.894767,40.6646501,77.5241897732572
"165th St",5981,-73.8003031,40.7128786,77.3369252039412
"101st Ave",5978,-73.8057357,40.6957219,77.3175271203108
"5 AVE",5969,-73.7890782,43.5057703,77.2593036468748
"W 71st St",5966,-73.9875649,40.78022,77.2398860693101
"WOODHAVEN BLVD.(N/B)",5952,-73.8477924,40.6870427,77.1492060879436
"160th St",5949,-73.8024569,40.7864871,77.1297607930946
"148th St",5942,-73.8034503,40.6968321,77.0843693624071
"Spring St",5920,-74.0040023,40.7256722,76.9415362466854
"Avenue M",5868,-73.895765,40.635563,76.6028720088222
"E 73rd St",5854,-73.9601116,40.7704223,76.5114370535543
"W 21st St",5844,-73.9873319,40.5730207,76.4460594144656
"7TH AVE",5808,-73.9820256,40.7630704,76.2102355330306
"34th St",5789,-73.935633,40.7368524,76.085478246509
"Castle Hill Ave",5778,-73.8524922,40.8378546,76.0131567559196
"Liberty St",5778,-77.9364931,43.218139,76.0131567559196
"90th Ave",5768,-73.743685,40.725469,75.9473501841901
"E 84th St",5764,-73.9598864,40.7795911,75.9210115844092
"E 96th St",5718,-73.9008054,40.6425532,75.6174583016383
"E 65th St",5710,-73.9687943,40.7673977,75.5645419492502
"76th St",5702,-73.8733564,40.704558,75.5115885146114
"Bridge St",5695,-74.3119247,42.081486,75.4652237789036
"Emmons Ave",5681,-73.9483933,40.5835902,75.3724087448451
"Bergen St",5679,-73.9102024,40.6739372,75.3591401224828
"23rd Ave",5677,-73.845193,40.778607,75.3458691634784
"Broad St",5663,-76.128108,43.567131,75.2529069205968
"E 66th St",5659,-73.9681128,40.7679241,75.2263251794211
"W 31st St",5628,-73.9970329,40.5727886,75.0199973340442
"Franklin Ave",5618,-73.9604998,40.6636524,74.953318805774
"Linden Blvd",5615,-73.8623198,40.6694617,74.933303677337
"5TH AVE",5610,-73.9342729,40.8174708,74.899933244296
"W 18th St",5592,-73.997862,40.741056,74.7796763833597
"Schermerhorn St",5583,-73.9839778,40.6881702,74.7194753728906
"E 3rd St",5543,-73.972337,40.616654,74.4513263817375
"E 31st St",5529,-73.947498,40.6405641,74.3572457800852
"80th St",5510,-73.8589845,40.6793809,74.2293742395825
"E 6th St",5507,-73.9638608,40.5869244,74.2091638546076
"Pine St",5504,-76.122467,43.569295,74.1889479639656
"29th St",5448,-73.9384212,40.7442251,73.8105683489837
"Lefferts Blvd",5447,-73.8196414,40.6745002,73.8037939404202
"Sanford Ave",5447,-73.8307631,40.7557475,73.8037939404202
"Allerton Ave",5414,-73.8673652,40.8654299,73.5798885565886
"48th St",5407,-73.915406,40.750111,73.532305825399
"50th St",5405,-73.9838968,40.7616618,73.5187051028512
"Brighton Beach Ave",5392,-73.9548182,40.5773675,73.4302390027433
"E 92nd St",5384,-73.902347,40.639143,73.3757453113766
"JAMAICA AVE",5371,-73.7665445,40.7133043,73.287106642301
"Varick St",5367,-73.9361494,40.7269959,73.2598116295695
"Rockaway Blvd",5361,-73.8002765,40.6742698,73.2188500319419
"9th St",5354,-73.9887362,40.6703423,73.1710325197069
"49th St",5329,-73.9836073,40.7605031,73
"E 188th St",5320,-73.8909939,40.8585973,72.9383301152419
"OCEAN AVE",5300,-73.440903,40.689736,72.8010988928052
"Graham Ave",5293,-73.9443875,40.7145231,72.7530068107154
"W 32nd St",5278,-73.9980238,40.5725012,72.6498451478047
"E 88th St",5269,-73.9161078,40.647061,72.587877775838
"E 76th St",5267,-73.9587132,40.7723386,72.5741000633146
"W 8th St",5260,-73.997987,40.732946,72.525857457875
"PARK AVE",5244,-73.9805026,40.7484151,72.4154679609267
"W 181st St",5226,-73.9338625,40.8493763,72.2910782877113
"Willoughby St",5224,-73.9827457,40.6920573,72.2772439983706
"12th Ave",5199,-73.9957466,40.7679988,72.1040914234414
"30th St",5175,-73.9380097,40.7414579,71.9374728496908
"Avenue N",5171,-73.9741713,40.6150185,71.9096655533872
"84th St",5114,-73.852851,40.677564,71.5122367151245
"E 78th St",5112,-73.9492791,40.7700109,71.4982517268779
"Essex St",5085,-73.883031,40.681085,71.3091859440283
"E 75th St",5083,-73.9640105,40.7737351,71.2951611261241
"E 85th St",5083,-73.9594219,40.780221,71.2951611261241
"78th St",5070,-73.8552261,40.6621024,71.2039324756716
"Vernon Blvd",5051,-73.935227,40.769526,71.0703876449256
"Sterling Pl",5040,-73.930868,40.671474,70.9929573971954
"E 77th St",5031,-73.9582529,40.7729692,70.9295425052213
"FULTON ST",5027,-74.0078096,40.7102369,70.9013399027127
"President St",5012,-73.9506525,40.6680739,70.7954800817114
"Sedgwick Ave",5009,-73.8915109,40.8823005,70.774289116882
"16th Ave",5001,-73.993941,40.622935,70.7177488329486
"E 37th St",4986,-73.9405502,40.6298539,70.6116137756389
"Kingston Ave",4959,-73.9421829,40.6694074,70.420167565833
"79th St",4955,-73.9802682,40.783793,70.3917608815123
"Ocean Ave",4952,-73.440903,40.689736,70.3704483430367
"Creston Ave",4946,-73.9070204,40.8503682,70.327803890069
"W 19th St",4940,-73.9858333,40.5765212,70.2851335632223
"E 83rd St",4938,-73.917952,40.64316,70.2709043630435
"Maiden Ln",4930,-73.710958,42.783195,70.2139587261678
"St Marks Ave",4924,-73.9373917,40.6745355,70.1712191713953
"Merrick Blvd",4916,-73.7307297,40.6739238,70.1141925718324
"Dyckman St",4910,-73.9233136,40.8593649,70.0713921654194
"",4904,-74.0060152,40.7127281,70.0285656000464
"Knickerbocker Ave",4886,-73.9189811,40.6987479,69.8999284692052
"88th Ave",4875,-73.806137,40.705692,69.8212002188447
"Canal St",4835,-74.0067677,40.7228854,69.5341642647699
"St Marks Pl",4817,-73.979975,40.6818357,69.4046107978425
"St Johns Pl",4816,-73.9746382,40.6766587,69.3974062915899
"E 36th St",4796,-73.940266,40.622623,69.2531587727231
"90th St",4795,-74.032195,40.620688,69.2459385090563
"W 74th St",4795,-73.9777589,40.7786981,69.2459385090563
"E 82nd St",4789,-73.9167843,40.6409589,69.2026011071838
"Beaver St",4761,-73.938484,40.70068,69
"70th Rd",4731,-73.8202414,40.7295392,68.7822651560706
"William St",4721,-79.0350352,43.1489153,68.7095335452075
"32nd St",4720,-74.0021376,40.6565971,68.7022561492707
"FLATBUSH AVE",4690,-73.9088164,40.5974264,68.4835746730557
"Lydig Ave",4681,-73.864814,40.854443,68.4178339323893
"73rd St",4675,-73.988358,40.610675,68.3739716558867
"65th St",4666,-74.0020427,40.6262979,68.3081254317523
"Prospect Pl",4625,-73.925161,40.672954,68.0073525436772
"W 207th St",4615,-73.9189539,40.8644712,67.9337912971152
"W 132nd St",4611,-73.9423303,40.8122349,67.9043444854598
"36th Ave",4591,-73.9298155,40.7565586,67.7569184659397
"Laguardia Pl",4516,-73.997401,40.7298918,67.2011904656458
"Audubon Ave",4504,-73.9395951,40.8387939,67.1118469422501
"Decatur Ave",4502,-73.9344291,40.5798308,67.096944788865
"Carroll St",4501,-79.0559111,43.1250706,67.089492470878
"Avenue P",4498,-73.9884142,40.6071243,67.0671305484289
"E 2nd St",4498,-73.9880826,40.7239896,67.0671305484289
"153rd St",4490,-73.8043289,40.7068597,67.0074622710038
"W 231st St",4483,-73.905793,40.879418,66.9552089086428
"E 116th St",4482,-73.9320997,40.7947554,66.9477408132642
"NOSTRAND AVE",4481,-73.949556,40.6803935,66.9402718847182
"E. 135TH ST. (W)@ AL",4479,-73.9359874,40.8120663,66.9253315270085
"77th St",4476,-74.0255506,40.6295562,66.9029147347109
"Elizabeth St",4472,-73.444232,40.734141,66.873013989202
"E 167th St",4447,-73.9174338,40.8343229,66.6858305789168
"Rivington St",4446,-73.9906322,40.7207678,66.6783323126786
"71st Rd",4433,-73.8222926,40.727332,66.5807780068692
"E 89th St",4430,-73.8957114,40.6298424,66.558245169175
"Centre St",4424,-79.0358048,43.1724271,66.5131565932636
"Pitkin Ave",4422,-73.9191926,40.6684412,66.4981202741852
"E 95th St",4417,-73.918147,40.656766,66.460514593253
"Unionport Rd",4402,-73.868235,40.850913,66.3475696615935
"Putnam Ave",4399,-73.9070521,40.6999609,66.3249575951617
"E 74th St",4394,-73.9596512,40.7710532,66.2872536767062
"Baxter Ave",4383,-73.8825602,40.7477069,66.2042294721417
"W 20th St",4376,-73.9868921,40.5764025,66.1513416341649
"E 68th St",4372,-73.9674194,40.7692747,66.1211010192662
"63rd Rd",4329,-73.862184,40.7302862,65.7951365983839
"South End Ave",4326,-74.0167518,40.7093532,65.7723346096214
"BEACH CHANNEL DR.(W/",4306,-73.8748412,40.5697466,65.6201188660917
"E 98th St",4264,-73.9241763,40.6661113,65.299310869258
"51st St",4252,-73.9719085,40.7571079,65.2073615476044
"W 42nd St",4245,-73.9912834,40.7578624,65.1536645170477
"E Kingsbridge Rd",4234,-73.8938481,40.8656357,65.0691939399898
"Avenue J",4212,-73.9608191,40.6251006,64.8999229583518
"Lee Ave",4206,-73.9537818,40.7000367,64.8536814683638
"23rd St",4197,-73.9893664,40.7414825,64.7842573469821
"7 AVE",4192,-73.9856092765957,40.5866014787234,64.7456562249546
"John St",4192,-75.225461,43.103071,64.7456562249546
"Rogers Ave",4155,-73.951306,40.639808,64.4592894779333
"10th St",4151,-73.9939955,40.6720242,64.4282546713785
"103rd St",4149,-73.9614554,40.7961299,64.4127316607517
"E 20th St",4144,-73.9799963,40.7350685,64.3739077577243
"20th Ave",4142,-73.9762613,40.6259884,64.3583716388164
"W 145th St",4110,-73.9438506,40.823648,64.1092816992984
"Sheepshead Bay Rd",4096,-73.9504072,40.5835116,64
"E 64th St",4090,-73.914214,40.618023,63.9531078212779
"Forsyth St",4082,-73.9944664,40.7149038,63.8905313798532
"2ND AVE",4075,-73.9938908,40.6719924,63.8357266740185
"Horace Harding Expy",4059,-73.8362522,40.7431544,63.7102817447859
"99th St",4031,-73.841514,40.683262,63.4901567173999
"Crescent St",4031,-73.9155654,40.7778585,63.4901567173999
"47th Ave",4024,-73.9158599,40.7408224,63.4350061086148
"Forest Ave",4020,-73.903074,40.7043972,63.4034699365894
"Woodside Ave",4018,-73.9009267,40.744063,63.3876959669619
"61st St",4015,-73.904563,40.7226,63.3640276497635
"Quentin Rd",4010,-73.9829191,40.6055607,63.3245607959503
"72nd St",3967,-73.9818557,40.7790162,62.9841249839989
"E 93rd St",3952,-73.896478,40.635106,62.8649345820068
"State St",3944,-73.988722,40.689246,62.8012738724303
"63rd Dr",3941,-73.864886,40.726177,62.777384462878
"Willoughby Ave",3914,-73.926083,40.70091,62.5619692784682
"W 75th St",3909,-73.980303,40.7805992,62.5219961293623
"141st St",3908,-73.8047,40.686934,62.5139984323511
"64th St",3907,-74.0226858,40.6396922,62.5059997120276
"W 120th St",3903,-73.9505698,40.8057503,62.4739945897491
"ATLANTIC AVE",3900,-73.8949322,40.6759984,62.449979983984
"Jackson Ave",3895,-73.9470423,40.7452732,62.4099351065197
"1ST AVE",3885,-73.9401347,40.7895303,62.3297681689897
"CONEY ISLAND AVE.(S/",3880,-73.9607418,40.5924023,62.2896460095897
"W 73rd St",3870,-73.9812628,40.7793494,62.2093240599832
"Ashland Pl",3869,-73.9791335,40.6932809,62.2012861603359
"Reade St",3855,-74.0088192,40.7160188,62.0886463051015
"W 114th St",3852,-73.958204,40.803894,62.0644825967316
"Greene Ave",3839,-73.96653,40.686627,61.9596642986387
"Guy R Brewer Blvd",3835,-73.771301,40.6676364,61.9273768215641
"39th St",3834,-73.9253854,40.7478616,61.9193023216509
"7th Ave S",3821,-74.0032632,40.7328151,61.8142378421024
"AMSTERDAM AVE",3821,-73.9821175,40.7779222,61.8142378421024
"WHITE PLAINS RD.(S/B",3803,-73.8661058,40.84521,61.6684684421463
"Eldridge St",3801,-73.9939105,40.7138478,61.6522505671934
"PENNSYLVANIA AVE.(S/",3801,-73.894767,40.6646501,61.6522505671934
"E 187th St",3788,-73.883628,40.853909,61.5467302137165
"E 204th St",3778,-73.8867227,40.874635,61.4654374425172
"Prospect Ave",3771,-73.9927702,40.6655186,61.4084684713762
"56th St",3758,-73.991794,40.628446,61.3025284959764
"Bay Pky",3758,-73.986707,40.6087655,61.3025284959764
"E 90th St",3757,-73.9475108,40.7794342,61.2943716828878
"Cruger Ave",3756,-73.8664213,40.8626288,61.2862137841783
"55th Ave",3742,-73.9152517,40.7280124,61.1718889687085
"E 94th St",3737,-73.9167886,40.6544494,61.1310068623117
"94th St",3718,-73.8761052,40.7718842,60.9754048777046
"Central Ave",3704,-73.9266436,40.6979465,60.8604962188118
"QUEENS BLVD",3687,-73.9177213,40.7432249,60.7206719330411
"Central Park West",3680,-73.9810245,40.7692723,60.6630035524124
"E 81st St",3680,-73.912508,40.636006,60.6630035524124
"87th St",3675,-74.0287791,40.622118,60.6217782649107
"W 3rd St",3675,-77.065968,42.141177,60.6217782649107
"Barclay St",3639,-74.0115902,40.7136021,60.3241245274227
"Grove St",3638,-73.9937839,40.7181616,60.3158354000009
"W 116th St",3625,-73.9528035,40.8033422,60.2079728939615
"CONEY ISLAND AVE",3618,-73.960789,40.593014,60.1498129672903
"Tiebout Ave",3616,-73.897516,40.856183,60.1331855134916
"Stanton St",3613,-73.9853164,40.7204937,60.1082357085949
"WEST END AVE",3599,-73.9869457,40.7764553,59.9916660878826
"W 180th St",3590,-73.935471,40.849145,59.916608715781
"Cornelia St",3569,-73.9080259,40.6978252,59.7411081249754
"88th St",3557,-73.8515018,40.6798468,59.6405902049938
"Leonard St",3557,-73.765014,42.637989,59.6405902049938
"Riverdale Ave",3556,-73.9064482,40.9010349,59.6322060635023
"COURT ST",3550,-73.9917825,40.6940745,59.5818764390649
"Chrystie St",3548,-73.9916811,40.7223545,59.5650904473417
"Bay Ridge Ave",3542,-74.0234269,40.6347733,59.514704065466
"40th St",3529,-73.9246619,40.7418026,59.4053869611166
"Walker St",3528,-74.0025285,40.7186389,59.39696961967
"53rd St",3523,-74.014313,40.6448151,59.3548650070068
"E 99th St",3505,-73.89357,40.639788,59.2030404624627
"98th St",3504,-73.8643869,40.7428066,59.194594347795
"Rockaway Pky",3496,-73.8881697,40.6325443,59.1269819963779
"Skillman Ave",3494,-73.9376165,40.7452242,59.1100668245266
"West St",3489,-75.235562,43.092989,59.0677577024894
"Havemeyer St",3476,-73.958642,40.7099066,58.9576118919347
"97th St",3473,-73.8669035,40.744864,58.9321643926303
"Avenue L",3472,-73.930282,40.623381,58.9236794506249
"57th St",3469,-73.9772972,40.7642283,58.8982172905089
"E 25th St",3460,-73.953322,40.6407707,58.821764679411
"51st Ave",3454,-73.9502324,40.7418331,58.7707410196605
"Eastchester Rd",3454,-73.8435441,40.8577272,58.7707410196605
"E Houston St",3450,-73.988875,40.7229367,58.7367006223537
"W 60th St",3450,-73.9836135,40.7695417,58.7367006223537
"Sherman Ave",3436,-79.0399537,43.1337043,58.6174035590114
"Astoria Blvd",3434,-73.9176868,40.7704417,58.6003412959344
"Avenue Z",3421,-73.9548303,40.5879203,58.489315263559
"63rd St",3418,-74.0224712,40.6405104,58.4636639289739
"BRONX RIVER PKWY OFF",3418,-73.8712927,40.8459509,58.4636639289739
"45th Ave",3410,-73.819778,40.752937,58.3952052826257
"Melbourne Ave",3407,-73.814858,40.7337753,58.36951259005
"66th St",3405,-74.0197039,40.6360804,58.3523778435806
"Davidson Ave",3392,-73.914579,40.846156,58.2408791142441
"Holland Ave",3391,-73.86572,40.850066,58.2322934461627
"75th St",3361,-73.8861003,40.726158,57.974132162543
"Newtown Ave",3343,-73.9202868,40.7668726,57.8186821018951
"52nd St",3340,-73.9128213,40.742623,57.7927331071996
"54th St",3335,-73.9883216,40.6281792,57.7494588719236
"Irving Pl",3334,-73.9882789,40.7346549,57.7408001330082
"Delancey St",3321,-73.9938678,40.720197,57.6281181368956
"27th St",3314,-73.93717,40.753079,57.567351858497
"Clarkson Ave",3305,-73.943354,40.655829,57.4891294072192
"W 124th St",3304,-73.9488961,40.8083265,57.4804314527997
"W 84th St",3298,-73.9730562,40.7851297,57.4282160614449
"Burke Ave",3296,-73.8606813,40.8713243,57.4108003776293
"11th St",3291,-73.9403813,40.7604531,57.3672380370539
"Franklin St",3283,-74.0069428,40.7191096,57.2974694031072
"102nd St",3281,-73.8324657,40.6643152,57.2800139664787
"W 10th St",3280,-73.998714,40.734784,57.2712842531054
"CADMAN PLAZA(E/B)@PR",3279,-73.9897429,40.7005627,57.2625532088816
"21st St",3269,-73.9486022,40.7445833,57.1751694356912
"138th St",3266,-73.8165283,40.7042794,57.1489282489182
"E 79th St",3265,-73.9634698,40.776882,57.1401785086466
"89th St",3259,-74.038692,40.622969,57.0876519047683
"71st St",3246,-74.034721,40.636107,56.9736781329765
"77th Ave",3245,-73.814779,40.722612,56.9649014745045
"Kent Ave",3244,-73.962349,40.7197113,56.9561234635926
"70th Ave",3234,-73.8257796,40.7286207,56.8682688324517
"E 34th St",3228,-73.936171,40.6118298,56.8154908453672
"Wythe Ave",3222,-73.9671172,40.7089833,56.7626637852735
"78th Ave",3220,-73.8879315,40.6980064,56.7450438364444
"E 24th St",3220,-73.9499347,40.6121665,56.7450438364444
"Crosby Ave",3213,-73.8290405,40.8386351,56.6833308830736
"E 42nd St",3192,-73.9807633,40.7534284,56.4977875673021
"64th Ave",3179,-73.7940095,40.737995,56.3826214360418
"21st Ave",3177,-73.989567,40.609514,56.3648826841678
"Woodhaven Blvd",3161,-73.8528098,40.6977952,56.2227711874824
"W 79th St",3159,-73.978385,40.7831762,56.2049819855856
"Gansevoort St",3157,-74.006449,40.739405,56.1871871515206
"W Kingsbridge Rd",3154,-73.8998451,40.8680002,56.1604843283959
"91st Ave",3149,-73.8078559,40.7011895,56.1159513863928
"Cortelyou Rd",3147,-73.949859,40.644389,56.098128311023
"Hancock St",3145,-73.904783,40.699279,56.0802995712398
"W 64th St",3142,-73.9891917,40.7751774,56.0535458289661
"Foster Ave",3141,-73.9120432,40.6444875,56.0446250768082
"Greenwich Ave",3141,-74.001463,40.737168,56.0446250768082
"W 69th St",3139,-73.9883332,40.7789023,56.0267793113258
"CROPSEY AVE. (W/B)@2",3096,-73.9854367,40.5796078,55.6417109729742
"28th Ave",3092,-73.985962,40.588771,55.6057550978314
"E 170th St",3092,-73.9134859,40.8385075,55.6057550978314
"149th St",3084,-73.804024,40.6992201,55.5337735076593
"93rd St",3074,-74.0328533,40.6187643,55.4436651025164
"Clinton Ave",3073,-73.4287454,40.871894,55.4346462061408
"Gold St",3073,-74.0053975,40.7091674,55.4346462061408
"60th St",3070,-73.906838,40.719333,55.4075807087803
"104th St",3052,-73.844685,40.698674,55.2449092677325
"Driggs Ave",3050,-73.962573,40.708535,55.2268050859363
"12th St",3047,-73.992527,40.669655,55.1996376799703
"48th Ave",3043,-73.916685,40.738989,55.1633936592012
"Richmond Ave",3041,-74.1692361,40.5803063,55.145262715849
"W 66th St",3035,-73.9891608,40.7768337,55.0908340833573
"Thompson St",3026,-73.715638,42.778428,55.0090901579003
"MAIN ST",3007,-73.8314394,40.762159,54.8361194834208
"Carlton Ave",3006,-73.9723542,40.6774458,54.8270006474912
"W 86th St",3000,-73.9714247,40.7861728,54.7722557505166
"67th St",2997,-74.0177956,40.6341309,54.744862772684
"W 63rd St",2997,-73.9896525,40.7745584,54.744862772684
"Berry St",2987,-73.961912,40.71593,54.6534536877588
"Francis Lewis Blvd",2971,-73.7900722,40.7669101,54.5068802996466
"Seneca Ave",2971,-73.9076756,40.7028171,54.5068802996466
"Edgecombe Ave",2966,-73.9451567,40.8208736,54.4609952167604
"W 76th St",2950,-73.9768276,40.7799598,54.3139024560011
"W 12th St",2943,-73.997805,40.736032,54.2494239600754
"6TH AVE",2939,-74.0008455,40.7318551,54.2125446737192
"55th St",2932,-74.0155422,40.6437087,54.1479454827235
"W 85th St",2930,-73.9770038,40.7876214,54.1294744108974
"RICHMOND RD.(E/B)@ N",2922,-76.020311,43.065947,54.0555270069583
"Westchester Sq",2921,-73.8430556,40.8408333,54.0462764674866
"69th St",2913,-73.8915906,40.7199949,53.9722150740545
"W 70th St",2913,-73.9879153,40.7795155,53.9722150740545
"W 67th St",2900,-73.988519,40.7773485,53.851648071345
"Borden Ave",2898,-73.9397516,40.7386146,53.8330753347791
"57th Ave",2884,-73.873996,40.734186,53.7028863283902
"Lincoln Pl",2883,-73.9186246,40.6690788,53.6935750346352
"E 67th St",2878,-73.912071,40.619409,53.6469943240066
"King St",2866,-74.1558541,40.5354281,53.5350352572967
"Barnes Ave",2861,-73.863926,40.852339,53.4883164812653
"92nd St",2854,-73.9526703,40.7830698,53.4228415567723
"Surf Ave",2846,-73.9938307,40.5730535,53.3479146733966
"Corona Ave",2831,-73.8567901,40.7438672,53.2071423776921
"163rd St",2824,-73.8006304,40.7778208,53.1413210223457
"W 112th St",2821,-73.9544844,40.8006945,53.113086899558
"Greene St",2817,-73.994822,40.73035,53.0754180388624
"Wall St",2817,-74.0088308,40.7060194,53.0754180388624
"70th St",2809,-73.89253,40.7267857,53
"GRAND CONCOURSE(S/B)",2804,-73.9002519,40.8569323,52.9528091794949
"Marion Ave",2804,-73.80068,42.664515,52.9528091794949
"62nd St",2801,-74.0239648,40.6423308,52.924474489597
"Jefferson Ave",2800,-73.9055457,40.6996453,52.9150262212918
"146th St",2778,-73.8089276,40.7019181,52.7067358124178
"Avenue K",2770,-73.925673,40.625952,52.6307894677631
"Gerard Ave",2770,-73.9309003,40.8139359,52.6307894677631
"MYRTLE AVE",2769,-73.9352775,40.6969959,52.6212884676915
"68th St",2767,-73.989851,40.61613,52.6022813193496
"Ft Hamilton Pky",2767,-73.990497,40.643164,52.6022813193496
"Herkimer St",2762,-74.103517,40.623757,52.5547333738836
"W 77th St",2761,-73.98073,40.782439,52.5452186216786
"72nd Ave",2760,-73.824003,40.726047,52.5357021462548
"Jay St",2759,-74.0332437,42.7047608,52.5261839466756
"E Fordham Rd",2758,-73.8983755,40.8623184,52.5166640220035
"Christopher St",2757,-73.9993774,40.7341079,52.5071423713003
"Johnson Ave",2755,-73.9189524,40.8774148,52.4880938880428
"East Ave",2754,-73.860324,40.836374,52.4785670536077
"59th St",2750,-74.0178046,40.6414239,52.4404424085076
"Hester St",2745,-73.9905581,40.7158068,52.3927475897189
"W 87th St",2745,-73.9760614,40.788995,52.3927475897189
"E 5th St",2738,-73.974562,40.638373,52.3259018078045
"Roebling St",2737,-73.959025,40.7122277,52.3163454381133
"91st St",2717,-73.848634,40.681684,52.1248501196886
"W 126th St",2709,-73.9564745,40.8150351,52.0480547186924
"Beach 116th St",2701,-73.837705,40.5808245,51.9711458407451
"W Burnside Ave",2698,-73.90943,40.85396,51.9422756528822
"Bay St",2693,-73.6467685,43.3122064,51.8941229813165
"Gates Ave",2693,-73.9117817,40.6999271,51.8941229813165
"Hart St",2688,-73.928833,40.697186,51.8459255872629
"SUNRISE HWY.(W/B) @",2682,-72.4973964,40.8906016,51.7880295048962
"Cypress Ave",2681,-73.9145148,40.8055578,51.7783738639985
"W 11th St",2679,-73.99505,40.734034,51.7590571784301
"WEST END AVE. (S/B)",2679,-73.9893697,40.7731119,51.7590571784301
"Gramercy Park",2664,-73.9859323962158,40.73792525,51.6139516022558
"95th Ave",2658,-73.809512,40.697399,51.555795018601
"Meeker Ave",2654,-73.9527027,40.7147262,51.516987489565
"Barclay Ave",2638,-74.1673465,40.5270001,51.361464153585
"Marcy Ave",2624,-73.9579142,40.7084064,51.2249938994628
"W 238th St",2615,-73.9053419,40.8873676,51.1370707021824
"72nd Rd",2606,-73.8391201,40.7207377,51.0489960724009
"44th Dr",2596,-73.9438074,40.7474255,50.950956811428
"ROOSEVELT AVE",2590,-73.8332175,40.7585475,50.8920425999979
"Flushing Ave",2580,-73.950091,40.699791,50.7937003968012
"Penn Plz",2579,-73.8205375,40.8931283,50.7838557023785
"Avenue B",2577,-73.980802,40.7256382,50.7641605859882
"Yellowstone Blvd",2576,-73.8523033,40.7225134,50.7543101617981
"50th Ave",2573,-73.944689,40.740909,50.7247474118896
"LIBERTY AVE",2573,-73.8965126,40.6744049,50.7247474118896
"Ditmas Ave",2572,-73.978209,40.6362897,50.7148893324239
"Bedford Park Blvd",2558,-73.8874615,40.8727078,50.5766744656072
"5th St",2540,-73.358294,42.897064,50.3984126734166
"Avenue X",2539,-73.9742753,40.5893417,50.3884907493765
"76th Ave",2537,-73.8201469,40.7225479,50.3686410378521
"58th St",2535,-74.0225489,40.6451256,50.3487835006964
"ARTHUR KILL RD.(W/B)",2533,-74.2489853,40.512883,50.3289181286465
"Shore Pky",2526,-73.934774,40.58664,50.2593274925162
"Bond St",2523,-73.9947295,40.7269405,50.2294734194974
"BEDFORD AVE",2516,-73.9577249,40.7178272,50.1597448159378
"W 106th St",2512,-73.9618737,40.7988136,50.1198563445667
"Buhre Ave",2509,-73.8322772,40.847037,50.0899191454728
"Bayside Lot",2505,-73.7770774,40.7684351,50.0499750249688
"Avenue C",2499,-73.9742526,40.732206,49.9899989998
"W 90th St",2499,-73.9722771,40.7898803,49.9899989998
"Duffield St",2484,-73.9840472,40.6975813,49.8397431775084
"64th Rd",2481,-73.8603195,40.7236466,49.8096376216491
"Division Ave",2475,-73.9575781,40.70718,49.749371855331
"56th Ave",2473,-73.760535,40.752055,49.7292670366254
"E Burnside Ave",2471,-73.9028343,40.851721,49.7091540865463
"E 102nd St",2470,-73.898554,40.647572,49.6990945591567
"UNION ST",2468,-73.9831945,40.677186,49.6789693934969
"CROSSBAY BLVD.(S/B)@",2456,-73.8447425,40.679922,49.5580467734555
"Avenue D",2453,-73.9130824,40.6450181,49.5277699881592
"ST NICHOLAS AVE",2451,-73.952807,40.80587,49.5075751779463
"8th St",2447,-73.933025,40.772166,49.4671608241265
"W 34th St",2447,-73.9984594,40.7542954,49.4671608241265
"Spruce St",2436,-73.3736991,40.6752441,49.3558507170123
"W 62nd St",2429,-73.9820402,40.7705153,49.2848861214064
"N 6th St",2427,-73.957797,40.716957,49.2645917470144
"New York Ave",2424,-73.8418371,40.7518861,49.2341345003647
"UTICA AVE",2420,-73.9308408,40.679347,49.1934955049954
"Ralph Ave",2411,-73.9216651,40.6788802,49.1019347887637
"GRAND CONCOURSE",2410,-73.885364,40.8772429,49.0917508345343
"Troy Ave",2404,-73.9358825,40.648739,49.0306026885251
"Belmont Ave",2397,-73.8945686,40.6707773,48.9591666595746
"E Mosholu Pky",2396,-73.8873173,40.9049445,48.9489530020817
"83rd Ave",2387,-73.821083,40.712539,48.8569340012244
"Central Park South",2386,-73.9810182,40.7676993,48.8466989672793
"42nd Ave",2385,-73.7696303,40.7628292,48.8364617882991
"Lawrence St",2368,-73.63654,43.3138266,48.6621002423858
"Wallabout St",2366,-73.952176,40.700292,48.6415460280612
"95th St",2357,-74.0312474,40.616049,48.5489443757534
"Fort Hamilton Pky",2351,-73.990497,40.643164,48.4871116896026
"Monroe St",2350,-76.5024856,42.4450949,48.4767985741633
"Morningside Dr",2350,-73.821773,42.63051,48.4767985741633
"13th St",2346,-73.9451046,40.7524881,48.4355241532493
"6 AVE",2339,-73.9855270636266,40.5864547,48.363209157375
"Halsey St",2328,-73.9050185,40.69607,48.2493523272593
"14th St",2327,-73.9996735,40.738552,48.2389883807693
"Woodbine St",2322,-73.9192186,40.6900086,48.187135212627
"W 91st St",2321,-73.971814,40.7905011,48.1767578817836
"69th Ave",2316,-73.873333,40.709769,48.1248376620639
"Duane St",2304,-74.0032451,40.7140433,48
"ARTHUR KILL RD (W/B)",2300,-74.2489853,40.512883,47.9583152331272
"W 135th St",2300,-73.939325,40.813458,47.9583152331272
"Little West 12th St",2295,-74.0079577,40.7403078,47.9061582680139
"Waverly Pl",2278,-74.0011954,40.7338049,47.7283982551269
"86 ST",2273,-73.975127,40.5906494,47.6759897642409
"W 165th St",2271,-73.942621,40.8399566,47.6550102297754
"24th St",2270,-73.9951714,40.6596912,47.6445169982864
"Saunders St",2269,-73.860755,40.728536,47.6340214552582
"E 115th St",2264,-73.9403868,40.7972005,47.5815090134813
"Hughes Ave",2264,-73.883945,40.858666,47.5815090134813
"PACIFIC ST",2259,-73.9083461,40.6753844,47.5289385532646
"Bruckner Blvd",2255,-73.8883825,40.8219318,47.4868402823351
"Wallace Ave",2255,-73.864814,40.854443,47.4868402823351
"Wadsworth Ave",2253,-73.938262,40.8453,47.4657771452233
"Pierrepont St",2247,-73.9939093,40.6954462,47.4025315779653
"WEBSTER AVE",2238,-73.9008243,40.8478532,47.3075046900595
"28th St",2237,-73.9933621,40.747217,47.2969343615419
"Sullivan St",2237,-74.012304,40.677863,47.2969343615419
"W. FORDHAM RD.(W/B)@",2235,-73.9075518,40.8628124,47.2757866142913
"96th St",2229,-73.9719996,40.7943793,47.2122865364515
"Union Hall St",2222,-73.7979057,40.7041436,47.1380949975707
"Bay Ridge Pky",2219,-73.989567,40.609514,47.1062628532555
"Springfield Blvd",2218,-73.7438126,40.6953831,47.0956473572665
"41st Rd",2212,-73.833209,40.7556124,47.0319040652194
"W 115th St",2205,-73.9657384,40.8079042,46.9574275274956
"Parkside Ave",2202,-73.9615106,40.6552726,46.9254728266003
"RICHMOND AVE",2201,-74.1692361,40.5803063,46.9148164229596
"JEROME AVE",2196,-73.887736,40.877034,46.8614980554399
"Shore Rd",2193,-73.8206694,40.8576123,46.8294778958724
"Trinity Pl",2181,-74.0135459,40.7069158,46.7011777153425
"15th Ave",2180,-73.9947029,40.6256411,46.690470119715
"SUTPHIN BLVD",2177,-73.8100753,40.7055897,46.6583325891528
"Baychester Ave",2172,-73.8383998,40.8788002,46.6047207909242
"W 119th St",2168,-73.955416,40.8069647,46.5617869072913
"W 83rd St",2168,-73.9708991,40.7833954,46.5617869072913
"Stockholm St",2166,-73.921631,40.700675,46.5403051128804
"67th Ave",2158,-73.85367,40.7270137,46.4542785973477
"Elm Pl",2157,-73.808129,42.693513,46.4435140789325
"E New York Ave",2156,-73.9006395,40.6767236,46.4327470649756
"Decatur St",2153,-73.909439,40.686845,46.4004310324807
"118th St",2148,-73.823073,40.681996,46.3465209050259
"Haven Ave",2146,-73.9413344,40.8512938,46.3249392876019
"NORTHERN BLVD",2142,-73.9062074,40.7530794,46.2817458616245
"3RD AVENUE",2141,-73.9830681,40.7389372,46.2709412050371
"Avenue O",2131,-73.8741284,40.8135053,46.1627555503352
"W 183rd St",2124,-73.9387583,40.8523449,46.0868744872117
"W 9th St",2124,-73.9989395,40.7341355,46.0868744872117
"Seaman Ave",2118,-73.9282467,40.8659387,46.0217339960154
"Seaview Ave",2114,-73.8659988,40.6533805,45.9782557302906
"Evergreen Ave",2112,-73.68284,40.992478,45.9565011723042
"W 47 ST",2110,-74.0998649,41.4933921,45.9347363114234
"W 127th St",2103,-73.9478079,40.8104618,45.8584779511924
"Rutland Rd",2100,-73.9292346,40.6607177,45.8257569495584
"Randall Ave",2096,-73.8812769,40.8129135,45.7820925690384
"Stillwell Ave",2094,-73.9854397,40.5977057,45.7602447545902
"Wyckoff Ave",2093,-73.9094168,40.6986203,45.7493169347915
"Hicks St",2089,-74.0038414,40.6786481,45.7055795281058
"40th Ave",2088,-73.9357011,40.752307,45.6946386351835
"Nagle Ave",2088,-73.9244087,40.8616676,45.6946386351835
"SOUTHERN BLVD",2082,-73.7770254,42.6247994,45.6289381861993
"LINDEN BLVD",2080,-73.8623198,40.6694617,45.6070170039655
"159th St",2079,-73.80575,40.76818,45.596052460712
"120th St",2074,-73.818798,40.674003,45.5411901469428
"Kew Gardens Rd",2074,-73.828728,40.711506,45.5411901469428
"Schenectady Ave",2073,-73.9295041,40.6163212,45.5302097513288
"Bard Ave",2072,-74.106822,40.621794,45.5192267069642
"W 97th St",2072,-73.971329,40.7953306,45.5192267069642
"116th St",2070,-73.9415679,40.7985915,45.4972526643093
"Matthews Ave",2051,-73.862714,40.861259,45.287967496897
"Palmetto St",2049,-73.9111037,40.6994605,45.2658811910251
"Lenox Rd",2046,-73.919089,40.658966,45.2327315115946
"65th Ave",2042,-73.8580908,40.7285638,45.18849411078
"Maple Ave",2039,-73.833869,40.753551,45.1552876195025
"Humboldt St",2037,-73.9422439,40.711897,45.133136385587
"Mason Ave",2035,-74.087554,40.585805,45.1109742745598
"112th St",2025,-73.837619,40.719654,45
"CHURCH AVE",2023,-73.9635215,40.6492649,44.977772288098
"WHITE PLAINS RD",2023,-73.8663349,40.8771761,44.977772288098
"Fort Washington Ave",2019,-73.9389728,40.849252,44.9332838773219
"LENOX AVE",2019,-75.248305,43.105369,44.9332838773219
"MERRICK BLVD",2016,-73.7307297,40.6739238,44.8998886412873
"W 88th St",2016,-73.9711413,40.7877577,44.8998886412873
"37th Rd",2010,-73.889651,40.747446,44.8330235429198
"Laight St",2010,-74.0051794,40.7216947,44.8330235429198
"Clermont Ave",2004,-73.9714076,40.6958557,44.7660585711988
"32nd Ave",1998,-73.811255,40.77001,44.698993277254
"Elmhurst Ave",1998,-73.8812565,40.7420609,44.698993277254
"82nd Rd",1989,-73.828728,40.711506,44.5982062419555
"GRAND ST",1986,-73.9937839,40.7181616,44.5645599103144
"Center Blvd",1984,-73.9587572,40.7441603,44.5421149026402
"Olinville Ave",1983,-73.868068,40.877368,44.5308881564246
"W 81st St",1982,-73.9720878,40.7821872,44.5196585791041
"Classon Ave",1981,-73.961298,40.699299,44.5084261685358
"W 68th St",1981,-73.9806593,40.7748542,44.5084261685358
"W 170th St",1980,-73.9374046,40.8416413,44.497190922574
"101st St",1975,-73.8671325,40.755652,44.4409720865779
"W 235th St",1975,-73.909982,40.885658,44.4409720865779
"44th Rd",1966,-73.9471087,40.7488459,44.3395985547907
"Bronxdale Ave",1964,-73.8678673,40.8516256,44.3170396123207
"West Ave",1964,-73.8635038,41.3765314,44.3170396123207
"134th St",1963,-73.81334,40.692772,44.3057558337514
"W 164th St",1963,-73.9371305,40.8365139,44.3057558337514
"121st St",1949,-73.8172533,40.6762735,44.1474801092882
"E 138th St",1948,-73.9349452,40.8141273,44.1361529814278
"75th Ave",1945,-73.8110045,40.726451,44.1021541423999
"Glenwood Rd",1945,-73.898554,40.647572,44.1021541423999
"ROCKAWAY BLVD",1944,-73.8002765,40.6742698,44.0908153700972
"9TH AVE",1941,-74.0027323,40.7446399,44.0567815438214
"GRAND CONCOURSE(N/B)",1941,-73.9002519,40.8569323,44.0567815438214
"Hull Ave",1937,-73.898652,40.726709,44.0113621693308
"MADISON ST",1937,-73.90027,40.706357,44.0113621693308
"UNIVERSITY AVE",1937,-77.5685972,43.1509437,44.0113621693308
"Perry Ave",1934,-73.9370334,40.5769115,43.977266854592
"E 183rd St",1925,-73.8925,40.854975,43.8748219369606
"E 190th St",1925,-73.899198,40.863329,43.8748219369606
"168th Pl",1924,-73.7966586,40.715934,43.8634243989226
"PRESIDENT ST",1922,-73.9506525,40.6680739,43.8406204335659
"Waverly Ave",1911,-73.7447295,40.9483528,43.7149859887888
"Union Ave",1905,-73.9517399,40.7149176,43.6463056855904
"S 5th St",1903,-73.956305,40.708674,43.6233882223745
"HILLSIDE AVE",1898,-73.8088844,40.7059807,43.5660418215839
"Snyder Ave",1897,-73.943604,40.649279,43.5545634807651
"76th Rd",1896,-73.8348857,40.7172124,43.5430821141545
"68th Ave",1893,-73.870945,40.711246,43.5086198356142
"W 118th St",1893,-73.9526952,40.8050006,43.5086198356142
"24th Ave",1889,-73.9190823,40.7748923,43.4626276242015
"Cadman Plaza West",1889,-73.9907663,40.7005674,43.4626276242015
"Convent Ave",1889,-73.9467212,40.8239713,43.4626276242015
"Farrington St",1888,-73.832714,40.766745,43.4511219648009
"110th St",1869,-73.9443458,40.7947868,43.2319326424346
"Bailey Ave",1869,-78.8275291,42.8592507,43.2319326424346
"Bushwick Ave",1863,-73.930348,40.696254,43.1624837098145
"Adelphi St",1859,-73.97156,40.69164,43.1161222746202
"E 97th St",1858,-73.9537864,40.7879497,43.1045241245046
"ROCKAWAY BLVD. (S/B)",1850,-73.8002765,40.6742698,43.0116263352131
"Division St",1848,-73.7403629,40.6371298,42.9883705204094
"W 95th St",1847,-73.9729799,40.7942707,42.9767378938886
"46th Ave",1846,-73.8043122,40.7537197,42.9651021178817
"84th Dr",1839,-73.7125924,40.7349158,42.8835632847831
"Campus Rd",1839,-73.948884,40.630671,42.8835632847831
"Farragut Rd",1835,-73.92986,40.637394,42.8368999812078
"W 113th St",1829,-73.9651156,40.805998,42.7668095606862
"Starling Ave",1828,-73.8541059,40.8361603,42.7551166528639
"Stanhope St",1826,-73.92088,40.700247,42.731721238443
"W 138th St",1826,-73.9395348,40.8160584,42.731721238443
"47th Rd",1822,-73.775097,40.754214,42.6848919408261
"W 142nd St",1822,-73.9367533,40.8181377,42.6848919408261
"Bowne St",1820,-74.007303,40.682123,42.6614580154031
"W 92nd St",1820,-73.9722281,40.7914959,42.6614580154031
"19th Ave",1819,-73.9780744,40.6274579,42.6497362242722
"N 7th St",1816,-73.9576688,40.7177999,42.614551505325
"Hoyt St",1812,-73.9849862,40.6905128,42.5675933075855
"Brook Ave",1811,-73.9192429,40.807555,42.5558456619064
"Prospect Park West",1811,-73.9737876,40.6682953,42.5558456619064
"South St",1811,-75.217345,43.091064,42.5558456619064
"Lorimer St",1803,-73.9473618,40.7038293,42.4617474911243
"E 112th St",1799,-73.9434711,40.7960891,42.414620120897
"PITKIN AVE",1799,-73.9191926,40.6684412,42.414620120897
"RICHMOND RD.(W/B)@ N",1796,-76.03505,43.067218,42.3792402008342
"147th St",1795,-73.800864,40.690987,42.3674403286297
"W 168th St",1795,-73.941076,40.8416429,42.3674403286297
"Macon St",1791,-73.9320788,40.6830993,42.3202079389977
"W 61st St",1791,-73.9837819,40.7704486,42.3202079389977
"Post Ave",1784,-73.876273,42.20749,42.2374241638857
"W 179th St",1784,-73.9389502,40.8493123,42.2374241638857
"Bronx Park East",1780,-73.8683841,40.8489744,42.190046219458
"W 123rd St",1778,-73.953542,40.8094627,42.166337284616
"Onderdonk Ave",1777,-73.9239397,40.713903,42.154477816716
"188th St",1775,-73.7868195,40.7411325,42.1307488658818
"CENTRAL PARK WEST",1773,-73.9810245,40.7692723,42.1070065428546
"Metropolitan Oval",1770,-73.859886806584,40.838312,42.0713679359253
"Troutman St",1770,-73.9245699,40.7048413,42.0713679359253
"W 129th St",1769,-73.9464014,40.8114793,42.0594816896262
"W 78th St",1768,-73.9789175,40.7825049,42.0475920832573
"169th St",1767,-73.7942635,40.7101566,42.0356991139674
"Rochambeau Ave",1764,-73.880649,40.876483,42
"139th St",1763,-73.8124669,40.70138,41.988093550434
"Himrod St",1761,-73.9185648,40.7014112,41.9642705167146
"W 236th St",1760,-73.904017,40.884772,41.9523539268061
"Claremont Ave",1758,-73.9616239,40.812911,41.9285105864733
"E 233rd St",1756,-73.8378411,40.8887053,41.9046536795139
"Ovington Ave",1754,-74.0164788,40.6303466,41.8807831827438
"W 122nd St",1754,-73.9495441,40.8069578,41.8807831827438
